id,fname,lname,gender,birthdate,email,phone,blood_group,cc_cvc,cc_expiredate,cc_number,cc_type,passport_number,dl_number,bank_ac_number,medical_acc_number,taxfile_number,address,city,state,zip,country
172-32-1176,Johnson,White,m,21-04-1958,jwhite@domain.com,408 496-7223,B+,123,25-06-2010,5270 4267 6450 5516,m,H0170966,58-38-2512,537-105,52345678909,255 345 345,41-51 MONASH DR,LYNDHURST,VICTORIA,3975,AUS
514-14-8905,Ashley,Borden,f,22-12-1944,aborden@domain.com,785-939-6046,O+,713,01-02-2011,5370 4638 8881 3020,m,W7153634,76-73-4134,181-663,41235678943,945 234 567,L 10 222 PITT ST,SYDNEY,NEW SOUTH WALES,2000,AUS
213-46-8915,Marjorie,Green,f,21-04-1958,mgreen@domain.com,415 986-7020,B+,258,25-02-2009,4916 9766 5240 6147,v,H1912882,27-92-7348,795-249,65674328769,890 785 234,103-113 STANLEY ST,WEST MELBOURNE,VICTORIA,3003,AUS
524-02-7657,Jerome,Munsch,m,25-03-1962,jmunsch@domain.com,303-901-6123,AB-,612,01-03-2010,5180 3807 3679 8221,m,N1556553,10-96-2007,536-805,23456781234,123 908 789,60 LAWRENCE DR,NERANG,QUEENSLAND,4211,AUS
489-36-8350,Robert,Aragon,m,06-09-1964,raragon@domain.com,816-645-6936,O+,911,01-12-2011,4929 3813 3266 4295,v,F2774195,58-77-9168,334-920,46789434567,456 098 234,ROOM 313 146 BURREN STREET,NEWTOWN,NEW SOUTH WALES,2042,AUS
514-30-2668,Jacki,Russell,f,27-05-1986,jrussell@domain.com,913-227-6106,B+,232,01-01-2010,3453 8969 8201 044,a,Z5008285,41-85-4122,112-193,24564568907,234 786 678,SUITE 20 450 ELIZABETH STREET,SURRY HILLS,NEW SOUTH WALES,2010,AUS
505-88-5714,Lillian,Venson,f,23-09-1963,lvenson@domain.com,308-583-8759,A-,471,01-12-2011,3.02E+13,d,V3702396,78-64-7970,186-649,56784324567,457 908 456,65 VICTORIA ST,WAVERLEY,NEW SOUTH WALES,2024,AUS
690-05-5315,Thomas,Conley,m,02-10-1969,tconley@domain.com,919-656-6779,O+,731,01-10-2010,4916 4811 5814 8111,v,I7713206,26-59-6609,247-289,23447564893,354 896 345,86 HALLS RD,POKOLBIN,NEW SOUTH WALES,2320,AUS
646-44-9061,Charles,Jackson,M,12-01-1978,cjackson@domain.com,212-847-4915,A-,892,01-11-2011,5218 0144 2703 9266,m,W4876046,39-00-9002,253-117,27894563213,856 896 567,SUITE 1.02 LEVEL 1 QUAD 3 102 BENNELONG PARKWAY,SYDNEY OLYMPIC PARK,NEW SOUTH WALES,2127,AUS
421-37-1396,Susan,Davis,f,09-04-1980,sdavis@domain.com,205-221-9156,O+,33,01-04-2011,4916 4034 9269 8783,v,M6644465,40-30-9442,965-799,57894323458,564 905 345,L 1 86 PIRIE ST,ADELAIDE,SOUTH AUSTRALIA,5000,AUS
461-97-5660,Gail,Watson,f,04-01-1975,gwatson@domain.com,713-547-3414,A+,694,01-09-2011,4532 1753 6071 1112,v,I6454326,796,484-204,67893452134,436 895 543,191 FLINDERS ST,ADELAIDE,SOUTH AUSTRALIA,5000,AUS
660-03-8360,Lisa,Garrison,f,11-07-1953,lgarrison@domain.com,337-965-2982,A+,680,01-06-2011,4539 5385 7425 5825,v,Q3382231,89-72-7072,537-105,64802534048,668 791 428,1096 SOUTH RD,EDWARDSTOWN,SOUTH AUSTRALIA,5039,AUS
751-01-2327,Julie,Renfro,f,16-02-1968,jrenfro@domain.com,808-560-1638,O-,238,01-03-2009,5325 3256 9519 6624,m,P3829668,74-75-6550,181-663,42661934140,203 077 194,171 OXFORD ST,DARLINGHURST,NEW SOUTH WALES,2010,AUS
559-81-1301,James,Heard,m,20-01-1952,jheard@domain.com,408-370-0031,A-,311,01-09-2010,4532 4220 6922 9909,v,G4711336,05-31-7520,795-249,38233794138,641 013 776,SHOP38A SYDNEY MARKET,SYDNEY MARKETS,NEW SOUTH WALES,2129,AUS
624-84-9181,Danny,Reyes,m,16-01-1980,dreyes@domain.com,805-369-0464,B-,713,01-11-2009,4532 0065 1968 5602,v,K2100121,05-50-5279,536-805,48645594910,542 730 488,2 AZANIAN ST,UPPER MOUNT GRAVATT,QUEENSLAND,4122,AUS
449-48-3135,Mark,Hall,m,14-06-1982,mhall@domain.com,281-597-5517,O-,953,01-05-2010,4556 0072 1294 7415,v,R3731880,24-44-0077,334-920,44693364205,662 716 722,316 WINDANG RD,WINDANG,NEW SOUTH WALES,2528,AUS
477-36-0282,Monte,Mceachern,m,10-03-1961,mmceachern@domain.com,952-412-3707,O+,889,01-03-2009,5527 1247 5046 7780,m,U2647042,11-78-9521,112-193,34693304515,639 584 294,47 KEMBLA STREET,FYSHWICK,AUSTRALIAN CAPITAL TERRITORY,2609,AUS
458-02-6124,Christopher,Diaz,m,20-09-1955,cdiaz@domain.com,903-624-9156,O-,584,01-08-2011,5299 1561 5689 1938,m,Z7871094,51-89-3319,186-649,39175054229,905 034 502,28 PINDARI AVE,MOSMAN,NEW SOUTH WALES,2088,AUS
044-34-6954,Tim,Lowe,m,28-05-1967,tlowe@domain.com,860-755-0293,A-,616,01-10-2011,5144 8691 2776 1108,m,Q4482475,98-59-5498,247-289,26349804415,791 814 196,U 3/ 1 MONTE KHOURY DR,LOGANHOLME,QUEENSLAND,4129,AUS
587-03-2682,Lynette,Oyola,f,24-10-1958,loyola@domain.com,228-938-2056,B+,991,01-07-2011,4532 9929 3036 9308,v,P5939907,20-13-8144,253-117,55518074954,366 848 224,7 ROSALIA CT,KIDMAN PARK,SOUTH AUSTRALIA,5025,AUS
421-90-3440,Adriane,Morrison,f,17-07-1953,amorrison@domain.com,205-276-1807,O+,322,01-12-2009,4539 0031 3703 0728,v,F1312973,38-31-3978,965-799,58049604796,103 085 399,3/14 RESOLUTION DR,CARINGBAH,NEW SOUTH WALES,2229,AUS
451-80-3526,Thomas,Santos,m,09-06-1950,tsantos@domain.com,940-859-1393,O+,767,01-09-2011,4716 6984 4983 6160,v,N5319629,51-04-5746,484-204,62278104309,897 958 568,L 2 14 EASTERN RD,TURRAMURRA,NEW SOUTH WALES,2074,AUS
300-62-3266,Victor,Faulkner,m,10-02-1965,vfaulkner@domain.com,419-340-3832,AB-,276,01-02-2010,5548 0246 6336 5664,m,P8143054,92-59-9581,324-031,64728824512,917 145 167,L 1 206 GREENHILL RD,EASTWOOD,SOUTH AUSTRALIA,5063,AUS
322-84-2281,Albert,Iorio,m,19-08-1977,aiorio@domain.com,217-615-6419,O+,347,01-02-2010,4916 6734 7572 5015,v,M9140162,99-28-8301,284-340,55520364085,117 008 207,10 GREEN ST,BROOKVALE,NEW SOUTH WALES,2100,AUS
465-73-5022,Teresa,Kaminski,f,20-06-1964,tkaminski@domain.com,281-906-2148,O+,721,01-10-2009,5399 0706 4128 0178,m,Z1581169,76-08-9976,558-938,46149624269,351 434 653,17 BRIDGE ST,SYDNEY,NEW SOUTH WALES,2000,AUS
612-20-6832,Rick,Edwards,m,18-08-1979,redwards@domain.com,626-991-3620,B-,701,01-08-2010,5293 8502 0071 3058,m,J1779315,68-94-8401,610-281,42717274435,667 742 557,SE 502 L 5 845 PACIFIC HWY,CHATSWOOD,NEW SOUTH WALES,2067,AUS
687-05-8365,Stacey,Peacock,f,24-05-1976,speacock@domain.com,919-571-2339,A-,436,01-02-2011,5495 8602 4508 6804,m,W8075631,38-05-1137,696-576,53489194722,166 033 039,61 BOWMAN ST,DRUMMOYNE,NEW SOUTH WALES,2047,AUS
205-52-0027,Agnes,Nelson,f,26-03-1950,anelson@domain.com,570-480-8704,O-,496,01-02-2010,5413 4428 0145 0036,m,D1132876,90-34-0578,950-254,61491804956,403 809 994,27 GOWLLAND CRES,CALLALA BAY,NEW SOUTH WALES,2540,AUS
404-12-2154,Mireille,Townsend,f,21-09-1984,mtownsend@domain.com,270-408-7254,O+,710,01-03-2011,4539 8219 0484 7598,v,F5599976,46-31-8103,334-644,40264814686,656 356 024,2 PRINCE OF WALES DR,WEST PYMBLE,NEW SOUTH WALES,2073,AUS
151-32-2558,Rebecca,Zwick,f,19-11-1952,rzwick@domain.com,908-814-6733,B+,173,01-02-2011,5252 5971 4219 4116,v,F5019782,59-62-6163,393-650,60148124067,041 804 799,8 STURT RESERVE RD,MURRAY BRIDGE,SOUTH AUSTRALIA,5253,AUS
151-32-2559,Lynette,Smith,,22-12-1944,smlynette@gmail.com,908-814-6734,O+,789,25-02-2009,9696 3083 1559 8901,v,S0618387,66-01-1569,130-089,40119414535,601 050 866,L 2 19-23 BRIDGE ST,PYMBLE,NEW SOUTH WALES,2073,AUS
151-32-2560,Stacey,Amaker,,21-04-1958,amstacey@turbotech.com,908-814-6735,B+,80,01-03-2010,2360 8701 6034 2161,a,D0442045,02-47-6016,921-922,65904444301,479 315 761,1 YEATES CL,CARINDALE,QUEENSLAND,4152,AUS
151-32-2561,Julie,Pinson,,25-03-1962,pijulie@gmail.com,908-814-6736,O+,456,01-12-2011,4966 5750 8718 1020,d,T6030812,54-74-5638,802-773,50989144600,857 353 854,11 RESERVE ST,PRESTON,VICTORIA,3072,AUS
151-32-2562,Danny,Hall,,06-09-1964,hadanny@toyto.com,908-814-6737,O+,123,01-01-2010,2836 9962 6734 8266,v,M0834771,85-35-9747,962-669,21705014563,103 131 803,81 PARRISH AVE,MOUNT PLEASANT,NEW SOUTH WALES,2519,AUS
151-32-2563,Jacki,Porter,,27-05-1986,pojacki@turbotech.com,908-814-6738,O-,345,01-12-2011,5539 3286 0665 2179,m,M5284623,77-23-1771,744-179,23401364092,224 216 522,L 6 204 CLARENCE ST,SYDNEY,NEW SOUTH WALES,2000,AUS
151-32-2564,Thomas,Nicholson,,23-09-1963,nithomas@hotmail.com,908-814-6739,A+,567,01-10-2010,0993 7552 3004 2035,v,V7753741,31-91-3011,421-136,54553464741,228 386 687,28 EPPING DR,FRENCHS FOREST,NEW SOUTH WALES,2086,AUS
151-32-2565,Mireille,Mcclain,,02-10-1969,mcmireille@gmail.com,908-814-6740,AB-,789,01-11-2011,8821 4913 1841 3200,v,S7191168,89-46-0727,480-502,24144544695,891 972 531,PO BOX 215,NIDDRIE,VICTORIA,3042,AUS
151-32-2566,Lillian,Kings,,12-01-1978,kilillian@ibm.com,908-814-6741,B-,901,01-04-2011,6835 7609 0503 3599,v,I1376891,47-67-9256,387-326,66327284802,329 373 116,BUILDING 3 ANSTO NEW ILLAWARRA RD,LUCAS HEIGHTS,NEW SOUTH WALES,2234,AUS
151-32-2567,Gail,Kurtz,,09-04-1980,kugail@gmail.com,908-814-6742,O+,897,01-09-2011,1682 2000 0418 4550,m,F0607514,00-39-9730,627-686,42582484096,086 665 495,3 16 QUONDOLA ST,PAMBULA,NEW SOUTH WALES,2549,AUS
151-32-2568,Johnson,Linden,,04-01-1975,lijohnson@hotmail.com,908-814-6743,A+,908,01-06-2011,9270 6131 2305 3208,v,J1481358,57-93-8600,065-620,69778514444,115 025 293,SUITE 3.01 LEVEL 3 BUILDING C 12-24 TALAVERA ROAD,MACQUARIE PARK,NEW SOUTH WALES,2113,AUS
151-32-2569,Rebecca,Kingdon,,11-07-1953,kirebecca@toyto.com,908-814-6744,B+,888,01-03-2009,7084 0542 4686 8173,v,H1450010,91-54-2317,311-105,29924134734,597 317 843,92 POTASSIUM ST,NARANGBA,QUEENSLAND,4504,AUS
151-32-2570,Robert,Onwunli,,16-02-1968,onrobert@ibm.com,908-814-6745,A+,334,01-09-2010,1017 2486 8769 1189,v,P9144136,85-14-3515,285-682,62984914766,656 339 223,U 5 391 SETTLEMENT RD,THOMASTOWN,VICTORIA,3074,AUS
151-32-2571,Ashley,Simpson,,20-01-1952,siashley@sydney.gov.in,908-814-6746,B-,554,01-11-2009,5584 5233 8128 6560,m,K4539278,52-20-7984,953-357,39536414485,106 270 857,1500 GATTON ESK RD,CHURCHABLE,QUEENSLAND,4311,AUS
151-32-2572,Thomas,Mcafee,,16-01-1980,mcthomas@turbotech.com,908-814-6747,A-,885,01-05-2010,9506 8256 7021 4673,m,N9208274,58-62-0427,217-805,36280544393,526 110 645,76 ALLIGATOR CREEK RD,ALLIGATOR CREEK,QUEENSLAND,4816,AUS
151-32-2573,Susan,Frazier,,14-06-1982,frsusan@gmail.com,908-814-6748,B+,89756,01-03-2009,8177 1390 7009 7008,m,T5834295,56-56-4770,001-640,63968644970,146 239 690,104 HUME ST,GOULBURN,NEW SOUTH WALES,2580,AUS
151-32-2574,Christopher,Feusier,,10-03-1961,fechristopher@lnt.com,908-814-6749,O-,564,01-08-2011,0111 9390 1903 0396,v,P2750538,27-66-3342,460-239,69058064058,270 368 159,PO BOX 50,DEEPWATER,NEW SOUTH WALES,2371,AUS
151-32-2575,Rick,Vasquez,,20-09-1955,varick@toyto.com,908-814-6750,O-,97,01-10-2011,3551 1252 1940 7465,v,Y3345041,14-11-1060,895-385,69731404399,186 553 028,L 5 33 CHANDOS ST,ST LEONARDS,NEW SOUTH WALES,2065,AUS
151-32-2576,Victor,Pennebaker,,28-05-1967,pevictor@toyto.com,908-814-6751,O-,156,01-07-2011,7187 8955 5295 7649,v,P0004896,00-37-9460,479-745,38902754039,724 124 637,29 STANLEY ST,WODONGA,VICTORIA,3690,AUS
151-32-2577,Lisa,Simpson,,24-10-1958,silisa@sydney.gov.in,908-814-6752,A+,157,02-07-2011,0555 1395 2595 6284,m,U8644662,11-05-2270,181-791,37719074276,207 777 863,40 PACIFIC HWY,WYONG,NEW SOUTH WALES,2259,AUS
151-32-2578,Marjorie,Dickerson,,17-07-1953,dimarjorie@microsoft.com,908-814-6753,A-,158,03-07-2011,3227 5161 0806 1603,v,B0739475,19-39-2953,306-712,31178864950,782 666 227,9-11 POWER ST,ST MARYS,NEW SOUTH WALES,2760,AUS
151-32-2579,Mark,Kroeger,,09-06-1950,krmark@turbotech.com,908-814-6754,O+,159,04-07-2011,6962 6904 9426 3524,m,E4736450,95-86-0561,244-045,27577534120,904 297 962,134 THOMPSON AVE,COWES,VICTORIA,3922,AUS
151-32-2580,James,Parmer,,10-02-1965,pajames@sydney.gov.in,908-814-6755,O+,160,05-07-2011,3058 9359 7743 7353,m,J2848767,19-91-9466,438-350,54196134578,803 707 277,84 MURRAY WATERS BVD,THORNLIE,WESTERN AUSTRALIA,6108,AUS
151-32-2581,Albert,Spain,,19-08-1977,spalbert@microsoft.com,908-814-6756,O+,161,01-07-2011,2036 1000 1844 1482,m,T1251194,84-31-2050,923-605,60526864076,840 406 569,U 8 10 PIONEER AVE,THORNLEIGH,NEW SOUTH WALES,2120,AUS
151-32-2582,Charles,Miley,,20-06-1964,micharles@gmail.com,908-814-6757,O+,162,02-07-2011,1728 6520 9583 2091,m,M4153554,19-05-1197,025-179,21639104953,728 419 204,30 BLAKE ST,WAGGA WAGGA,NEW SOUTH WALES,2650,AUS
151-32-2583,Teresa,Summers,,18-08-1979,suteresa@gmail.com,908-814-6758,A-,163,03-07-2011,2768 8269 3477 9325,v,U6369096,14-89-9073,784-033,25097654503,199 704 239,6 NEVADA CT,HOPPERS CROSSING,VICTORIA,3029,AUS
151-32-2584,Tim,Banas,,24-05-1976,batim@sydney.gov.in,908-814-6759,O+,164,04-07-2011,9977 4103 4809 2514,v,Q2229624,89-54-8845,325-290,20422594680,003 023 314,214 MARY ST,GYMPIE,QUEENSLAND,4570,AUS
151-32-2585,Monte,Robbins,,21-04-1958,romonte@ibm.com,908-814-6760,B-,165,05-07-2011,2360 6553 0490 1113,,J8512042,03-71-7709,607-729,42407804515,196 595 511,FLOOR 1 112 MILL POINT RD,SOUTH PERTH,WESTERN AUSTRALIA,6151,AUS
151-32-2586,Adriane,Sanford,,22-12-1944,saadriane@ibm.com,908-814-6761,A+,166,01-07-2011,4294 0266 3301 7338,,L2934202,82-67-3142,800-829,64919874924,027 592 885,VILLA 18 FIVE ISLANDS DR,COFFS HARBOUR,NEW SOUTH WALES,2450,AUS
151-32-2587,Jerome,Garcia,,21-04-1958,gajerome@sydney.gov.in,908-814-6762,O+,167,02-07-2011,6158 7048 1350 8842,,Y4769469,15-11-0953,370-931,25457104855,637 209 210,151 LORDS PL,ORANGE,NEW SOUTH WALES,2800,AUS
151-32-2588,Agnes,Stockdale,,25-03-1962,stagnes@toyto.com,908-814-6763,AB-,168,03-07-2011,2042 5872 3791 9117,,R3035282,47-23-0022,358-784,44345254232,044 194 397,11 WARATAH ST,HABERFIELD,NEW SOUTH WALES,2045,AUS
151-32-2589,Lynette,Oyola,,06-09-1964,oylynette@sydney.gov.in,908-814-6764,A-,169,04-07-2011,1173 2160 8565 8682,,E0059527,98-56-5269,641-733,38400104424,561 393 283,SHOP 2 35 DIXON RD,ROCKINGHAM,WESTERN AUSTRALIA,6168,AUS
151-32-2590,Stacey,Peacock,,27-05-1986,pestacey@lnt.com,908-814-6765,B-,170,05-07-2011,6582 5372 8956 4743,,Z8992699,90-06-1503,488-205,34207654068,017 975 122,4100 NEEDHAM RD,GIDGEGANNUP,WESTERN AUSTRALIA,6083,AUS
151-32-2591,Julie,Renfro,,23-09-1963,rejulie@lnt.com,908-814-6766,O-,171,01-07-2011,7538 1595 9752 1290,,L6849006,26-40-7116,529-118,49425774915,858 312 151,5TH FL 181 ST GEORGES TCE,PERTH,WESTERN AUSTRALIA,6000,AUS
151-32-2592,Danny,Reyes,,02-10-1969,redanny@lnt.com,908-814-6767,O+,172,02-07-2011,1865 7979 5235 6125,,M0144225,37-55-0559,315-949,64509674960,843 490 009,SE 27 782-784 CANNING HWY,APPLECROSS,WESTERN AUSTRALIA,6153,AUS
151-32-2593,Jacki,Russell,,12-01-1978,rujacki@sydney.gov.in,908-814-6768,A+,173,03-07-2011,9004 2070 0465 7670,,J4652347,43-85-0662,099-088,37458984103,478 855 001,1 RAYMOND RD,THIRROUL,NEW SOUTH WALES,2515,AUS
151-32-2594,Thomas,Santos,,09-04-1980,sathomas@gmail.com,908-814-6769,AB-,174,04-07-2011,4538 1842 7120 9910,,Y0513539,35-11-8516,735-781,67411714796,357 503 130,390 BOLONG RD,BOLONG,NEW SOUTH WALES,2540,AUS
151-32-2595,Mireille,Townsend,,04-01-1975,tomireille@toyto.com,908-814-6770,O+,175,05-07-2011,7058 2061 0271 4399,,O9900839,28-16-4637,755-908,46070834311,821 385 880,SHOP 11 450 THE ESPLANADE,WARNERS BAY,NEW SOUTH WALES,2282,AUS
151-32-2596,Lillian,Venson,,11-07-1953,velillian@lnt.com,908-814-6771,AB-,176,01-07-2011,0937 6482 4196 9268,,R7031747,15-98-4921,604-787,21666054316,216 051 437,SHOP 3 488 PRINCES HWY,ROCKDALE,NEW SOUTH WALES,2216,AUS
151-32-2597,Gail,Watson,,16-02-1968,wagail@turbotech.com,908-814-6772,A+,177,02-07-2011,2631 1129 8951 1938,,C0811397,59-84-2420,351-313,48327284863,748 584 401,33 NANCARROW AVE,RYDE,NEW SOUTH WALES,2112,AUS
151-32-2598,Johnson,White,,20-01-1952,whjohnson@microsoft.com,908-814-6773,A+,178,03-07-2011,0973 5224 1017 0778,,S3854085,09-41-4652,750-889,69071554785,872 492 511,16 CARLOTTA RD,DOUBLE BAY,NEW SOUTH WALES,2028,AUS
151-32-2599,Rebecca,Zwick,,16-01-1980,zwrebecca@gmail.com,908-814-6774,O+,179,04-07-2011,5983 5858 7507 7074,,V7890993,97-06-5600,134-801,21712014513,809 656 877,SHOP 1 83 BULCOCK ST,CALOUNDRA,QUEENSLAND,4551,AUS
151-32-2600,Robert,Aragon,,14-06-1982,arrobert@gmail.com,908-814-6775,A+,180,05-07-2011,7606 2797 4593 6135,m,O2751317,77-62-5806,812-164,53054244630,329 402 868,44 MELBOURNE RD,RIVERSTONE,NEW SOUTH WALES,2765,AUS
151-32-2601,Ashley,Borden,,10-03-1961,boashley@lnt.com,908-814-6776,A-,181,01-07-2011,8016 3772 1396 8525,m,H4598154,61-07-0084,400-290,39212564305,735 031 191,388 CORKS POCKET RD,CONONDALE,QUEENSLAND,4552,AUS
151-32-2602,Thomas,Conley,,20-09-1955,cothomas@sydney.gov.in,908-814-6777,B-,182,02-07-2011,7154 6473 2253 0203,v,E3470005,61-52-3146,167-036,49756404559,460 911 385,UNIT 6,NEW SOUTH WALES, 24 GOODWIN STREET,NARRABEEN,2101
151-32-2603,Susan,Davis,,28-05-1967,dasusan@toyto.com,908-814-6778,B-,183,03-07-2011,6099 1896 4830 3180,m,Z9557989,15-53-7319,292-351,45499824397,784 009 701,U 2 137-141 KINGS ROAD,FIVE DOCK,NEW SOUTH WALES,2046,AUS
151-32-2604,Christopher,Diaz,,24-10-1958,dichristopher@hotmail.com,908-814-6779,B+,184,04-07-2011,8718 1706 1047 0572,v,R7285736,09-52-3345,686-130,28839974488,779 134 344,2 WISTARIA STREET,DOLANS BAY,NEW SOUTH WALES,2229,AUS
151-32-2605,Rick,Edwards,,17-07-1953,edrick@sydney.gov.in,908-814-6780,O-,185,05-07-2011,8046 3530 5354 5675,a,U9760100,38-14-3853,839-138,28918174142,568 965 610,1 BOWLING GREEN LANE,AVALON BEACH,NEW SOUTH WALES,2107,AUS
151-32-2606,Victor,Faulkner,,09-06-1950,favictor@gmail.com,908-814-6781,B+,186,01-07-2011,2910 4600 4465 4002,d,B9947148,87-87-6801,273-540,42119174071,839 120 991,SE 7 L 5 66 HUNTER ST,SYDNEY,NEW SOUTH WALES,2000,AUS
151-32-2607,Lisa,Garrison,,10-02-1965,galisa@hotmail.com,908-814-6782,AB-,187,02-07-2011,1917 7540 7654 9490,v,A8809168,74-78-4012,004-640,50922444558,270 873 768,U 2 36 TACOMA CIRCUIT,CANNING VALE,WESTERN AUSTRALIA,6155,AUS
151-32-2608,Marjorie,Green,,19-08-1977,grmarjorie@sydney.gov.in,908-814-6783,O+,188,03-07-2011,0610 8368 4626 4077,m,Y3040103,84-55-4100,104-335,54374434103,970 508 933,56 ARABELLA ST,LONGUEVILLE,NEW SOUTH WALES,2066,AUS
151-32-2609,Mark,Hall,,20-06-1964,hamark@hotmail.com,908-814-6784,O-,189,04-07-2011,6693 7417 3429 7705,v,S5003747,22-20-7284,232-326,34794784330,906 904 645,14 CHILDERS ST,CANBERRA,AUSTRALIAN CAPITAL TERRITORY,2601,AUS
151-32-2610,James,Heard,,18-08-1979,hejames@turbotech.com,908-814-6785,O+,190,05-07-2011,6723 9048 6451 9758,v,B1519506,93-00-8041,786-513,44422614014,977 371 567,L 4 55 HUNTER ST,SYDNEY,NEW SOUTH WALES,2000,AUS
151-32-2611,Albert,Iorio,,24-05-1976,ioalbert@ibm.com,908-814-6786,B-,191,01-07-2011,1605 7215 9081 3202,v,R8097181,77-84-9938,448-295,67037184390,078 595 671,U 16 378 PARRAMATTA RD,HOMEBUSH,NEW SOUTH WALES,2140,AUS
151-32-2612,Charles,Jackson,,26-03-1950,jacharles@hotmail.com,908-814-6787,B+,192,02-07-2011,1012 6130 3867 0216,m,M2528363,51-60-1613,134-613,45235464060,715 538 749,9 WOOLLS ST,YARRALUMLA,AUSTRALIAN CAPITAL TERRITORY,2600,AUS
151-32-2613,Teresa,Kaminski,,21-09-1984,kateresa@sydney.gov.in,908-814-6788,AB-,193,03-07-2011,9088 6821 3950 4051,v,S6326675,04-11-1592,336-307,37171024234,460 268 771,41 BOLTON ST,NARRANDERA,NEW SOUTH WALES,2700,AUS
151-32-2614,Tim,Lowe,,19-11-1952,lotim@ibm.com,908-814-6789,O+,194,04-07-2011,6199 2150 2099 7036,v,U0090643,89-03-1452,815-891,62290634942,194 650 613,SHOP 2 91 TURTON RD,WARATAH,NEW SOUTH WALES,2298,AUS
151-32-2615,Monte,Mceachern,,22-12-1944,mcmonte@microsoft.com,908-814-6790,O+,195,05-07-2011,7346 8727 1968 6519,v,R8095460,52-91-6145,780-418,32028904699,067 953 435,25 MORGAN RD,BELROSE,NEW SOUTH WALES,2085,AUS
151-32-2616,Adriane,Morrison,,21-04-1958,moadriane@gmail.com,908-814-6791,AB-,196,01-07-2011,6642 6673 7133 1202,m,O5205420,53-31-1546,897-203,41160594346,196 749 746,50 GRANGE RD,SANDRINGHAM,VICTORIA,3191,AUS
151-32-2617,Jerome,Munsch,,25-03-1962,mujerome@toyto.com,908-814-6792,A+,197,02-07-2011,7421 8736 8028 4792,m,G6310846,94-52-6893,619-927,24765494909,286 532 069,SE 204 566 ST KILDA RD,MELBOURNE,VICTORIA,3004,AUS
151-32-2618,Agnes,Nelson,,06-09-1964,neagnes@toyto.com,908-814-6793,B+,198,03-07-2011,9630 2016 2045 0417,m,A3482557,70-23-6975,242-977,56030594314,590 581 765,174 BANNOCKBURN RD,TURRAMURRA,NEW SOUTH WALES,2074,AUS
151-32-2619,Lynette,Oyola,,27-05-1986,oylynette@toyto.com,908-814-6794,B+,199,04-07-2011,1664 7863 0577 9936,v,R9370324,43-71-9477,786-852,28492084564,084 459 249,L1 793 GYMPIE RD,CHERMSIDE,QUEENSLAND,4032,AUS
151-32-2620,Stacey,Peacock,,23-09-1963,pestacey@turbotech.com,908-814-6795,O-,200,05-07-2011,9902 3759 4308 6224,v,X3487064,36-20-9904,740-148,31948174336,014 348 325,29 DEQUETTEVILLE TCE,KENT TOWN,SOUTH AUSTRALIA,5067,AUS
151-32-2621,Julie,Renfro,,02-10-1969,rejulie@turbotech.com,908-814-6796,B-,201,01-07-2011,8571 6998 1547 0118,v,F1666517,38-38-5328,227-102,42833314672,405 159 690,SHOP 1 302-318 KINGSWAY,CARINGBAH,NEW SOUTH WALES,2229,AUS
151-32-2622,Danny,Reyes,,12-01-1978,redanny@gmail.com,908-814-6797,O+,202,02-07-2011,6968 0299 1594 8951,m,Z4617263,45-17-5192,309-373,62532334771,603 271 463,199 CLEVELAND ST,REDFERN,NEW SOUTH WALES,2016,AUS
151-32-2623,Jacki,Russell,,09-04-1980,rujacki@microsoft.com,908-814-6798,A+,203,03-07-2011,1818 6019 1047 3536,v,L7691080,15-88-9983,974-394,50883854504,996 472 505,60 LUCERNE ST,BELMORE,NEW SOUTH WALES,2192,AUS
151-32-2624,Thomas,Santos,,04-01-1975,sathomas@turbotech.com,908-814-6799,O-,204,04-07-2011,0360 4403 7660 9455,m,R9410492,91-63-7952,401-258,40241354978,090 749 301,160 MAIN RD,MCLAREN VALE,SOUTH AUSTRALIA,5171,AUS
151-32-2625,Mireille,Townsend,,11-07-1953,tomireille@gmail.com,908-814-6800,O-,205,05-07-2011,3676 9215 3349 5041,m,S9009775,55-00-9929,011-383,43663554060,519 238 566,6 ELLIS ST,OATLANDS,NEW SOUTH WALES,2117,AUS
151-32-2626,Lillian,Venson,,16-02-1968,velillian@ibm.com,908-814-6801,B-,206,01-07-2011,9116 6770 8401 1652,m,C6864597,11-88-6842,210-071,46008934670,881 694 624,20 LUCCA ST,CHURCHLANDS,WESTERN AUSTRALIA,6018,AUS
151-32-2627,Gail,Watson,,20-01-1952,wagail@lnt.com,908-814-6802,AB-,207,02-07-2011,6788 0521 6423 3185,m,G0112073,11-60-1511,949-613,55017614900,143 975 481,401 GUINEA ST,ALBURY,NEW SOUTH WALES,2640,AUS
151-32-2628,Johnson,White,,16-01-1980,whjohnson@turbotech.com,908-814-6803,A-,208,03-07-2011,8853 5202 0659 5542,v,Q4867300,69-73-1161,008-486,56360504572,266 341 141,9 ASHGROVE AVE,ASHGROVE,QUEENSLAND,4060,AUS
151-32-2629,Rebecca,Zwick,,14-06-1982,zwrebecca@microsoft.com,908-814-6804,AB-,209,04-07-2011,2561 3215 7393 7159,v,Y1079063,11-87-1509,536-570,56471874707,394 150 023,DE BORTOLI RD,BILBUL,NEW SOUTH WALES,2680,AUS
151-32-2630,Robert,Aragon,,10-03-1961,arrobert@microsoft.com,908-814-6805,O+,210,05-07-2011,1527 0934 6139 2731,v,Y8333169,95-58-5353,177-611,30329204685,287 201 808,116 ADELAIDE ST,RAYMOND TERRACE,NEW SOUTH WALES,2324,AUS
151-32-2631,Ashley,Borden,,20-09-1955,boashley@sydney.gov.in,908-814-6806,AB-,211,01-07-2011,8980 9280 4742 1937,a,H9256019,07-84-3587,072-043,62114054514,548 364 048,3 LAKESHAW PDE,SUSSEX INLET,NEW SOUTH WALES,2540,AUS
151-32-2632,Thomas,Conley,,28-05-1967,cothomas@ibm.com,908-814-6807,A+,212,02-07-2011,4999 8760 7620 2167,d,G7009474,80-61-7003,202-148,41877784541,723 551 967,'AURORA PLACE' LEVEL 12 88 PHILLIP STREET,SYDNEY,NEW SOUTH WALES,2000,AUS
151-32-2633,Susan,Davis,,24-10-1958,dasusan@lnt.com,908-814-6808,A+,213,03-07-2011,6178 5483 1835 2512,v,V0091958,31-03-3818,225-733,31342344681,143 034 892,16 GOSSE RD,PADBURY,WESTERN AUSTRALIA,6025,AUS
151-32-2634,Christopher,Diaz,,17-07-1953,dichristopher@toyto.com,908-814-6809,O-,214,04-07-2011,1970 3299 8595 9859,m,W5547788,40-27-9349,391-758,34115544261,410 032 183,11 FORGE ST,EAST WAGGA WAGGA,NEW SOUTH WALES,2650,AUS
151-32-2635,Rick,Edwards,,09-06-1950,edrick@hotmail.com,908-814-6810,O+,215,05-07-2011,5378 2403 4339 1376,v,T2890933,35-71-1611,854-596,64355174313,910 244 100,58 MAITLAND ST,NARRABRI,NEW SOUTH WALES,2390,AUS
151-32-2636,Victor,Faulkner,,10-02-1965,favictor@toyto.com,908-814-6811,A-,216,01-07-2011,5414 7045 0975 5362,v,B1810217,61-65-6631,889-651,30520724490,071 650 395,242 MARIUS ST,TAMWORTH,NEW SOUTH WALES,2340,AUS
151-32-2637,Lisa,Garrison,,19-08-1977,galisa@lnt.com,908-814-6812,O+,217,02-07-2011,0431 8462 4375 8420,v,S6765250,93-49-7791,360-985,57007104821,541 655 145,11 MELISSA PL,WEST PENNANT HILLS,NEW SOUTH WALES,2125,AUS
151-32-2638,Marjorie,Green,,20-06-1964,grmarjorie@ibm.com,908-814-6813,A+,218,03-07-2011,2180 3711 9933 0453,m,H4046351,54-85-0110,084-232,59067124337,146 089 654,92 FERGUSON STREET,WILLIAMSTOWN,VICTORIA,3016,AUS
151-32-2639,Mark,Hall,,18-08-1979,hamark@microsoft.com,908-814-6814,A+,219,04-07-2011,0685 4454 6311 2521,v,E1040995,28-17-4524,356-217,61719354379,284 919 003,47 COOMA RD,NARRABRI,NEW SOUTH WALES,2390,AUS
151-32-2640,James,Heard,,24-05-1976,hejames@lnt.com,908-814-6815,O-,220,05-07-2011,4219 1892 1920 8438,v,V5234547,47-30-5874,262-198,52014244964,136 301 457,WILLEILA STATION,BROKEN HILL,NEW SOUTH WALES,2880,AUS
151-32-2641,Albert,Iorio,,21-04-1958,ioalbert@ibm.com,908-814-6816,A-,221,01-07-2011,9218 3012 8764 8167,v,D5825903,04-22-2375,350-978,42142954841,286 290 312,PO BOX 315,NEUTRAL BAY JUNCTION,NEW SOUTH WALES,2089,AUS
151-32-2642,Charles,Jackson,,22-12-1944,jacharles@toyto.com,908-814-6817,B-,222,02-07-2011,4160 3913 6327 0148,m,L2083250,62-20-9269,167-656,41623334819,539 994 582,144 MERTON ST,BOGGABRI,NEW SOUTH WALES,2382,AUS
151-32-2643,Teresa,Kaminski,,21-04-1958,kateresa@ibm.com,908-814-6818,O-,223,03-07-2011,8330 2629 2313 9226,m,B5988441,07-31-2372,445-136,61581104123,872 797 707,L 4 ELEANOR HARRALD BLD ROYAL ADELAIDE HOSPITAL,ADELAIDE,SOUTH AUSTRALIA,5000,AUS
151-32-2644,Tim,Lowe,,25-03-1962,lotim@lnt.com,908-814-6819,O+,224,04-07-2011,7788 0564 1546 0131,m,N5667985,65-42-7281,213-723,47850334058,028 473 087,226 SEAVIEW RD,HENLEY BEACH SOUTH,SOUTH AUSTRALIA,5022,AUS
151-32-2645,Monte,Mceachern,,06-09-1964,mcmonte@hotmail.com,908-814-6820,O-,225,05-07-2011,3627 0706 5849 2205,v,T9418850,49-90-0743,338-027,63666974411,522 211 257,MARSHALL ST,MOURA,QUEENSLAND,4718,AUS
151-32-2646,Adriane,Morrison,,27-05-1986,moadriane@gmail.com,908-814-6821,A-,226,01-07-2011,4546 9334 9984 0114,v,U3067191,55-69-0352,434-348,56415594623,051 341 377,24 BRIDGE ST,PICTON,NEW SOUTH WALES,2571,AUS
151-32-2647,Jerome,Munsch,,23-09-1963,mujerome@lnt.com,908-814-6822,B+,227,02-07-2011,4856 5926 3389 1281,v,Y4547000,83-42-6117,440-042,37953214836,238 717 881,JOONDALUP DVE AND KENNEDYA DVE,JOONDALUP,WESTERN AUSTRALIA,6027,AUS
151-32-2648,Agnes,Nelson,,02-10-1969,neagnes@hotmail.com,908-814-6823,O+,228,03-07-2011,8125 4223 7346 5091,m,V1665872,61-87-2418,470-351,24706514416,927 470 293,'GROUND LEVEL 4A' LORD STREET,BOTANY,NEW SOUTH WALES,2019,AUS
151-32-2649,Lynette,Oyola,,12-01-1978,oylynette@lnt.com,908-814-6824,O+,229,04-07-2011,5643 6040 3095 7765,v,B2988125,20-00-3051,054-211,30889484799,807 620 802,U 4 9 BOSCI RD,INGLEBURN,NEW SOUTH WALES,2565,AUS
151-32-2650,Stacey,Peacock,,09-04-1980,pestacey@toyto.com,908-814-6825,AB-,230,05-07-2011,4129 4300 1726 1676,m,A5298644,31-39-4365,234-793,46396964419,782 473 341,101 ANDERSON RD,FAWKNER,VICTORIA,3060,AUS
151-32-2651,Julie,Renfro,,04-01-1975,rejulie@microsoft.com,908-814-6826,O+,231,01-07-2011,9586 4813 0103 3127,m,L3476851,13-53-6194,819-637,32704294267,439 667 970,23 SWAN ST,LILLI PILLI,NEW SOUTH WALES,2229,AUS
151-32-2652,Danny,Reyes,,11-07-1953,redanny@microsoft.com,908-814-6827,O+,232,02-07-2011,1921 4995 5369 9003,m,J0047888,40-10-4754,098-804,25721814020,259 108 771,138 MOUNTJOY PDE,LORNE,VICTORIA,3232,AUS
151-32-2653,Jacki,Russell,,16-02-1968,rujacki@ibm.com,908-814-6828,B-,233,03-07-2011,0761 6299 1938 5395,m,G8597743,75-74-6793,697-980,24296444801,135 759 095,249 BAY ST,BRIGHTON-LE-SANDS,NEW SOUTH WALES,2216,AUS
151-32-2654,Thomas,Santos,,20-01-1952,sathomas@ibm.com,908-814-6829,A-,234,04-07-2011,2967 2302 5757 6243,v,X6814025,10-28-6640,846-829,40478574191,792 875 841,SHOP 6 COLES PLAZA SPENCER ST,GATTON,QUEENSLAND,4343,AUS
151-32-2655,Mireille,Townsend,,16-01-1980,tomireille@hotmail.com,908-814-6830,O-,235,05-07-2011,3901 9341 3562 6729,v,J1694714,81-25-3480,184-323,57705764448,568 816 430,SHOP 10 / BAYSIDE VILLAGE SHOPPING CENTRE CNR JETTY & BRIGHTON R,GLENELG,SOUTH AUSTRALIA,5045,AUS
151-32-2656,Lillian,Venson,,14-06-1982,velillian@lnt.com,908-814-6831,O+,236,01-07-2011,9404 4578 8270 4038,m,T6720721,72-22-5937,751-830,36074214506,890 002 087,MOSMAN PARK SHOPPING CTR SHOP 11 50 HARVEY ST,MOSMAN PARK,WESTERN AUSTRALIA,6012,AUS
151-32-2657,Gail,Watson,,10-03-1961,wagail@sydney.gov.in,908-814-6832,B+,237,02-07-2011,8094 0912 9985 2100,m,M7604564,04-73-6691,246-299,69197004449,023 571 399,4A DENLEY LANE,ST IVES,NEW SOUTH WALES,2075,AUS
151-32-2658,Johnson,White,,20-09-1955,whjohnson@microsoft.com,908-814-6833,O+,238,03-07-2011,4042 5463 4770 0184,v,M3156020,68-36-6810,389-945,36075894130,457 358 894,3 GLEN RD,ROSEVILLE,NEW SOUTH WALES,2069,AUS
151-32-2659,Rebecca,Zwick,,28-05-1967,zwrebecca@lnt.com,908-814-6834,B+,239,04-07-2011,7460 8747 0606 5951,m,M3560179,20-02-8033,425-013,61521934950,713 539 225,86 N BOUNDARY ROAD,HAMILTON,VICTORIA,3300,AUS
151-32-2660,Robert,Aragon,,24-10-1958,arrobert@ibm.com,908-814-6835,O+,240,05-07-2011,5667 5417 2939 3329,v,O0617816,42-11-6190,372-819,44077674435,182 835 055,U 1 31 DEMAND AVE,ARUNDEL,QUEENSLAND,4214,AUS
151-32-2661,Ashley,Borden,,17-07-1953,boashley@hotmail.com,908-814-6836,O+,241,01-07-2011,6186 2360 9222 3003,a,Y0735813,32-95-1143,479-992,47355264351,199 326 377,2448 GOLD COAST HWY,MERMAID BEACH,QUEENSLAND,4218,AUS
151-32-2662,Thomas,Conley,,09-06-1950,cothomas@gmail.com,908-814-6837,O-,242,02-07-2011,7295 6775 3274 1844,d,A0392705,08-60-5588,165-862,35542204261,004 494 226,79 SHARP ST,COOMA,NEW SOUTH WALES,2630,AUS
151-32-2663,Susan,Davis,,10-02-1965,dasusan@microsoft.com,908-814-6838,A+,243,03-07-2011,7546 7389 6352 9565,v,W7510621,73-70-9927,343-170,60802864297,333 630 226,PO BOX 816,CASTLEMAINE,VICTORIA,3450,AUS
151-32-2664,Christopher,Diaz,,19-08-1977,dichristopher@microsoft.com,908-814-6839,AB-,244,04-07-2011,1746 6319 0702 9853,m,A7597742,13-70-1571,004-881,26116784952,128 232 029,NORDENS LANE,MAFFRA,VICTORIA,3860,AUS
151-32-2665,Rick,Edwards,,20-06-1964,edrick@toyto.com,908-814-6840,B-,245,05-07-2011,9049 6379 3152 7715,v,Z2630708,15-42-5331,987-194,58919364375,939 810 557,796 MAIN RD,MCLAREN VALE,SOUTH AUSTRALIA,5171,AUS
151-32-2666,Thomas,Faulkner,,18-08-1979,fathomas@lnt.com,908-814-6841,O+,246,01-07-2011,0091 1305 0372 8401,v,G4361877,85-07-9295,517-620,22379564444,180 109 250,1B CUSACK RD,LEONGATHA,VICTORIA,3953,AUS
151-32-2667,Charles,Garrison,,24-05-1976,gacharles@turbotech.com,908-814-6842,A+,247,02-07-2011,2833 4670 8130 5720,v,G4011166,55-17-1595,360-967,69590924726,861 987 068,SHED C 1 FAIRLANE DRIVE,MOUNT GAMBIER,SOUTH AUSTRALIA,5290,AUS
151-32-2668,Susan,Green,,26-03-1950,grsusan@gmail.com,908-814-6843,B+,248,03-07-2011,1707 5462 1614 8390,m,S5070368,11-54-0825,128-514,58269014421,436 845 843,ST THOMAS SCHOOL 1-27 PENINSULA DR,DRYSDALE,VICTORIA,3222,AUS
151-32-2669,Gail,Hall,,21-09-1984,hagail@turbotech.com,908-814-6844,A+,249,04-07-2011,7459 2468 7962 2755,v,U8796616,32-30-6570,810-410,60231544299,873 185 982,23 STOCKTON DR,HORSHAM,VICTORIA,3400,AUS
151-32-2670,Lisa,Heard,,19-11-1952,helisa@microsoft.com,908-814-6845,B-,250,05-07-2011,1580 0417 4978 6104,v,I6434380,38-62-2252,085-315,24927124103,892 961 944,L 3 332 OXFORD ST,BONDI JUNCTION,NEW SOUTH WALES,2022,AUS
151-32-2671,Julie,Iorio,,22-12-1944,iojulie@toyto.com,908-814-6846,A-,251,01-07-2011,7109 1975 8735 8304,v,B9718198,16-63-0925,083-899,38681794197,015 182 378,39-53 BAXTER RD,CUNDERDIN,WESTERN AUSTRALIA,6407,AUS
151-32-2672,James,Jackson,,21-04-1958,jajames@turbotech.com,908-814-6847,B+,252,02-07-2011,1141 2995 0804 2134,m,Z4885173,76-30-4124,374-237,47282054374,414 863 692,33 ST LEVANS PL,LAVINGTON,NEW SOUTH WALES,2641,AUS
151-32-2673,Danny,Kaminski,,25-03-1962,kadanny@sydney.gov.in,908-814-6848,O-,253,03-07-2011,7337 4055 5588 9374,m,T0069600,14-16-0121,821-937,68563994006,950 197 965,29 SAMMAT AVE,BARRACK HEIGHTS,NEW SOUTH WALES,2528,AUS
151-32-2674,Mark,Lowe,,06-09-1964,lomark@ibm.com,908-814-6849,O-,254,04-07-2011,9402 4690 8678 7992,m,F9198666,14-88-0493,876-824,68347534529,343 235 395,L 24 TWR 2 101 GRAFTON ST,BONDI JUNCTION,NEW SOUTH WALES,2022,AUS
151-32-2675,Monte,Mceachern,,27-05-1986,mcmonte@lnt.com,908-814-6850,O-,255,05-07-2011,1800 1339 6762 0118,v,V8634167,12-72-7855,558-277,44334204467,104 687 367,26-32 MARKET ST,SYDNEY,NEW SOUTH WALES,2000,AUS
151-32-2676,Christopher,Morrison,,23-09-1963,mochristopher@lnt.com,908-814-6851,A+,256,01-07-2011,3362 4592 2202 4619,v,X3689281,15-96-6516,458-122,38047434675,318 000 748,32 BOWDEN ST,ALEXANDRIA,NEW SOUTH WALES,2015,AUS
151-32-2677,Tim,Munsch,,02-10-1969,mutim@ibm.com,908-814-6852,O+,257,02-07-2011,2502 7433 5985 5670,v,L3785208,07-26-5645,920-831,62356804618,603 723 897,U 1 729 PITTWATER RD,DEE WHY,NEW SOUTH WALES,2099,AUS
151-32-2678,Lynette,Nelson,,12-01-1978,nelynette@lnt.com,908-814-6853,A+,258,03-07-2011,9711 5604 1316 2378,m,V0806731,37-27-9125,935-964,20317984509,732 942 913,PO BOX 320,MANLY,NEW SOUTH WALES,1655,AUS
151-32-2679,Adriane,Oyola,,09-04-1980,oyadriane@sydney.gov.in,908-814-6854,B+,259,04-07-2011,8913 9704 1438 2134,v,Z0269996,78-99-7209,746-847,64329254195,617 939 114,M 50 CARRINGTON ST,SYDNEY,NEW SOUTH WALES,2000,AUS
151-32-2680,Thomas,Peacock,,04-01-1975,pethomas@microsoft.com,908-814-6855,A+,260,05-07-2011,8046 8155 0315 4518,m,F9873337,25-38-6330,222-774,60706604778,840 070 110,41 ROWLEY ST,SMITHFIELD,NEW SOUTH WALES,2164,AUS
151-32-2681,Victor,Renfro,,11-07-1953,revictor@hotmail.com,908-814-6856,B-,261,01-07-2011,9749 5754 4434 9828,m,U0055061,65-72-1450,302-541,59899164972,581 832 144,108-112 DAWSON ST,BRUNSWICK,VICTORIA,3056,AUS
151-32-2682,Albert,Reyes,,16-02-1968,realbert@sydney.gov.in,908-814-6857,A-,262,02-07-2011,3084 1642 5748 2465,m,V3351310,26-39-9098,022-507,57812294271,423 988 307,227-229 CAROLINE CHISHOLM DR,WINSTON HILLS,NEW SOUTH WALES,2153,AUS
151-32-2683,Teresa,Russell,,20-01-1952,ruteresa@sydney.gov.in,908-814-6858,B+,263,03-07-2011,5571 2936 5742 6090,m,D2231600,30-35-2077,382-120,23826574870,922 733 393,19 METRO CT,GATESHEAD,NEW SOUTH WALES,2290,AUS
151-32-2684,Rick,Santos,,16-01-1980,sarick@turbotech.com,908-814-6859,O-,264,04-07-2011,2372 6736 3862 9472,v,P8057339,71-23-8340,006-974,44751034607,843 794 653,555 CORONATION DR,TOOWONG,QUEENSLAND,4066,AUS
151-32-2685,Stacey,Townsend,,14-06-1982,tostacey@gmail.com,908-814-6860,O-,265,05-07-2011,1660 8027 6253 5294,v,O1358478,21-92-1779,261-428,25515674198,040 268 453,2 JOHN ST,AVALON BEACH,NEW SOUTH WALES,2107,AUS
151-32-2686,Agnes,Venson,,10-03-1961,veagnes@turbotech.com,908-814-6861,O-,266,01-07-2011,6371 2348 2945 4364,v,N3616926,99-16-0228,303-520,43116264902,140 725 500,SE 1 19 KENRICK ST,THE JUNCTION,NEW SOUTH WALES,2291,AUS
151-32-2687,Mireille,Watson,,20-09-1955,wamireille@ibm.com,908-814-6862,A+,267,02-07-2011,1097 7449 0570 0526,a,S6591656,36-98-9571,046-986,26003104264,367 588 622,4 WHIPPLE ST,BALCATTA,WESTERN AUSTRALIA,6021,AUS
151-32-2688,Rebecca,White,,28-05-1967,whrebecca@toyto.com,908-814-6863,A-,268,03-07-2011,3512 3448 2005 6937,d,L2737391,09-23-5490,011-233,33393714938,761 607 308,MAGPIE HOLLOW MAGPIE HOLLOW RD,SOUTH BOWENFELS,NEW SOUTH WALES,2790,AUS
151-32-2689,Lynette,Zwick,,24-10-1958,zwlynette@microsoft.com,908-814-6864,O+,269,04-07-2011,0837 8848 0306 6657,v,X2662367,09-04-9739,558-725,60220254113,553 015 438,19 BENSON HMAS CRESWELL,JERVIS BAY,AUSTRALIAN CAPITAL TERRITORY,2540,AUS
151-32-2690,Stacey,Aragon,,17-07-1953,arstacey@lnt.com,908-814-6865,O+,270,05-07-2011,3129 8163 0388 1277,m,K6821223,03-61-9442,767-605,52101044614,023 374 620,SE C502 19 HONEYSUCKLE DR,NEWCASTLE,NEW SOUTH WALES,2300,AUS
151-32-2691,Julie,Borden,,09-06-1950,bojulie@turbotech.com,908-814-6866,O+,271,01-07-2011,1014 7657 9609 6250,v,Y8053013,31-39-2901,348-012,57357104139,297 114 967,135 KENSINGTON RD,LEOPOLD,VICTORIA,3224,AUS
151-32-2692,Danny,Conley,,10-02-1965,codanny@toyto.com,908-814-6867,O+,272,02-07-2011,3200 3336 5884 6306,v,P5432322,59-47-7559,862-767,43941234562,471 348 111,214-218 PARRY ST,NEWCASTLE WEST,NEW SOUTH WALES,2302,AUS
151-32-2693,Jacki,Davis,,19-08-1977,dajacki@toyto.com,908-814-6868,A-,273,03-07-2011,0860 8031 7508 6158,v,D7500870,95-42-8009,571-860,21695064329,185 273 664,180 CAMPBELL ST,DARLINGHURST,NEW SOUTH WALES,2010,AUS
151-32-2694,Thomas,Diaz,,20-06-1964,dithomas@toyto.com,908-814-6869,O+,274,04-07-2011,5781 9170 8850 1782,m,H4118163,52-03-0129,014-025,37366734925,062 931 136,16A CORBET ROAD,JONES HILL,QUEENSLAND,4570,AUS
151-32-2695,Mireille,Edwards,,18-08-1979,edmireille@hotmail.com,908-814-6870,B-,275,05-07-2011,3593 1969 5575 7070,v,B4870902,36-56-1178,773-224,37822184830,076 190 884,5 HILL ST,TAMWORTH,NEW SOUTH WALES,2340,AUS
151-32-2696,Lillian,Renfro,,24-05-1976,relillian@sydney.gov.in,908-814-6871,A+,276,01-07-2011,9999 9926 6100 8912,v,M1019510,04-04-2078,465-935,42831454619,341 815 765,1401 BACK BOLAC RD,LAKE BOLAC,VICTORIA,3351,AUS
151-32-2697,Gail,Heard,,21-04-1958,hegail@sydney.gov.in,908-814-6872,O+,277,02-07-2011,8930 1791 9034 8869,v,K5222710,07-98-1622,645-283,61391294853,516 131 482,24 BERESFORD RD,ROSE BAY,NEW SOUTH WALES,2029,AUS
151-32-2698,Johnson,Reyes,,22-12-1944,rejohnson@ibm.com,908-814-6873,AB-,278,03-07-2011,0236 8049 5207 2086,m,J0415387,55-41-3544,430-504,22187504410,267 154 342,U 1A 7 LLOYDS AVE,CARLINGFORD,NEW SOUTH WALES,2118,AUS
151-32-2699,Rebecca,Hall,,21-04-1958,harebecca@turbotech.com,908-814-6874,A-,279,04-07-2011,2119 3059 8290 0656,m,B1453207,13-45-5922,060-059,35298234607,370 789 564,79-81 BLACKTOWN ROAD,BLACKTOWN,NEW SOUTH WALES,2148,AUS
151-32-2700,Robert,Mceachern,,25-03-1962,mcrobert@lnt.com,908-814-6875,B-,280,05-07-2011,0674 8747 0701 6123,m,R3947208,30-65-4239,737-385,67316024587,768 370 924,PO BOX 332,TURRAMURRA,NEW SOUTH WALES,2074,AUS
151-32-2701,Ashley,Diaz,,06-09-1964,diashley@sydney.gov.in,908-814-6876,O-,281,01-07-2011,7238 5951 0797 3778,v,L0474435,16-03-9429,470-508,44728864039,653 487 324,L 1 DARLING TOWER 2 201 SUSSEX ST,SYDNEY,NEW SOUTH WALES,2000,AUS
151-32-2702,Thomas,Lowe,,27-05-1986,lothomas@toyto.com,908-814-6877,O+,282,02-07-2011,3250 0336 1118 7187,v,S7618882,17-08-2861,502-705,33343714534,882 741 911,4 KILLARNEY ST,KILLARNEY VALE,NEW SOUTH WALES,2261,AUS
151-32-2703,Susan,Oyola,,23-09-1963,oysusan@gmail.com,908-814-6878,A+,283,03-07-2011,0499 7443 5457 0502,v,O6753173,67-20-4697,683-219,66166534678,737 201 168,62 BUCKINGHAM ST,SURRY HILLS,NEW SOUTH WALES,2010,AUS
151-32-2704,Christopher,Morrison,,02-10-1969,mochristopher@lnt.com,908-814-6879,AB-,284,04-07-2011,6432 0745 7281 5022,m,C8643472,79-67-7745,874-688,27561844706,278 820 529,222 HAMILTON RD,FAIRFIELD WEST,NEW SOUTH WALES,2165,AUS
151-32-2705,Rick,Santos,,12-01-1978,sarick@turbotech.com,908-814-6880,O+,285,05-07-2011,7406 1019 8466 0667,v,V7394171,71-32-7968,910-256,65396964821,914 360 344,1 DOROTHY ST,MURWILLUMBAH,NEW SOUTH WALES,2484,AUS
151-32-2706,Victor,Faulkner,,09-04-1980,favictor@gmail.com,908-814-6881,AB-,286,01-07-2011,7034 2036 2807 1972,m,O1796111,24-50-5408,947-334,30622214051,439 454 941,499 GEELONG RD,YARRAVILLE,VICTORIA,3013,AUS
151-32-2707,Lisa,Iorio,,04-01-1975,iolisa@hotmail.com,908-814-6882,A+,287,02-07-2011,7705 3741 8301 5944,m,U8437466,22-41-9350,691-199,57532274391,679 706 448,PO BOX 570,KARAMA,NORTHERN TERRITORY,813,AUS
151-32-2708,Marjorie,Kaminski,,11-07-1953,kamarjorie@hotmail.com,908-814-6883,A+,288,03-07-2011,3406 8954 8270 3426,m,Q7777713,42-56-8764,799-947,68649874535,372 870 907,PO BOX 2470,DARWIN,NORTHERN TERRITORY,800,AUS
151-32-2709,Mark,Edwards,,16-02-1968,edmark@microsoft.com,908-814-6884,O+,289,04-07-2011,4001 1709 1258 1538,m,Q2901962,70-97-0101,058-455,33661274843,783 506 313,L 2 44 BRIDGE ST,SYDNEY,NEW SOUTH WALES,2000,AUS
151-32-2710,James,Peacock,,20-01-1952,pejames@lnt.com,908-814-6885,A+,290,05-07-2011,3573 6802 3456 4453,v,S8280039,80-58-0368,759-907,49001214611,518 173 885,38B ALBERT AVE,CHATSWOOD,NEW SOUTH WALES,2067,AUS
151-32-2711,Albert,Nelson,,16-01-1980,nealbert@ibm.com,908-814-6886,A-,291,01-07-2011,1957 9531 6960 0108,v,A6221431,25-50-6858,882-660,33557214364,525 820 100,146-148 DENISON ST,HILLSDALE,NEW SOUTH WALES,2036,AUS
151-32-2712,Charles,Townsend,,14-06-1982,tocharles@gmail.com,908-814-6887,B-,292,02-07-2011,5507 1201 4764 3891,m,B7196685,49-09-1050,421-800,66493674201,326 190 952,202-204 HOMER ST,EARLWOOD,NEW SOUTH WALES,2206,AUS
151-32-2713,Teresa,Zwick,,10-03-1961,zwteresa@gmail.com,908-814-6888,B-,293,03-07-2011,5729 2040 7939 1067,m,F0471235,01-46-4324,933-507,58893544730,667 098 704,57A PORT HACKING RD,SYLVANIA,NEW SOUTH WALES,2224,AUS
151-32-2714,Tim,Smith,,20-09-1955,smtim@gmail.com,908-814-6889,B+,294,04-07-2011,3761 5023 3183 0052,v,G0568761,58-57-6406,670-135,39024484161,506 668 396,15 ALBION ST,HARRIS PARK,NEW SOUTH WALES,2150,AUS
151-32-2715,Monte,Amaker,,28-05-1967,ammonte@hotmail.com,908-814-6890,O-,295,05-07-2011,5343 2003 9132 4013,m,B7661349,78-92-8348,110-340,29968764805,468 903 092,UNIT 2 5 NEWPORT CRESCENT,PORT MACQUARIE,NEW SOUTH WALES,2444,AUS
151-32-2716,Adriane,Pinson,,24-10-1958,piadriane@hotmail.com,908-814-6891,B+,296,01-07-2011,8619 0173 3825 1100,v,H3734681,09-81-9571,904-435,29040384132,426 329 871,69 BARRY AVE,MORTDALE,NEW SOUTH WALES,2223,AUS
151-32-2717,Jerome,Hall,,17-07-1953,hajerome@hotmail.com,908-814-6892,AB-,297,02-07-2011,3018 6191 8263 8695,a,Y4440676,23-02-5309,792-248,50998344044,726 904 098,72 CHRISTY ST,ST LEONARDS,NEW SOUTH WALES,2065,AUS
151-32-2718,Agnes,Porter,,09-06-1950,poagnes@turbotech.com,908-814-6893,O+,298,03-07-2011,5160 5003 1200 4272,d,J0350184,17-21-0532,448-017,44245634503,043 657 110,7 MOORE ST,GOSFORD,NEW SOUTH WALES,2250,AUS
151-32-2719,Lynette,Nicholson,,10-02-1965,nilynette@lnt.com,908-814-6894,O-,299,04-07-2011,1910 9100 0561 4388,v,D5001005,37-96-6731,673-300,27891984328,954 486 876,193 WOLLOMBI RD,CESSNOCK,NEW SOUTH WALES,2325,AUS
151-32-2720,Stacey,Mcclain,,19-08-1977,mcstacey@hotmail.com,908-814-6895,O+,300,05-07-2011,8538 6911 3637 4757,m,A0392140,43-42-2592,435-986,42062344614,118 556 612,3 CROWN LN,WOLLONGONG,NEW SOUTH WALES,2500,AUS
151-32-2721,Julie,Kings,,20-06-1964,kijulie@hotmail.com,908-814-6896,B-,301,01-07-2011,6045 2500 0860 0227,v,S6563431,46-08-1040,420-882,58799754375,568 730 944,U 2 16 WINGATE RD,MCGRATHS HILL,NEW SOUTH WALES,2756,AUS
151-32-2722,Danny,Kurtz,,18-08-1979,kudanny@sydney.gov.in,908-814-6897,B+,302,02-07-2011,8417 9211 5367 1968,v,T9693033,12-08-9715,539-193,44580754310,103 670 903,38 LAMONT ST,BERMAGUI,NEW SOUTH WALES,2546,AUS
151-32-2723,Jacki,Linden,,24-05-1976,lijacki@sydney.gov.in,908-814-6898,AB-,303,03-07-2011,6939 5960 5783 8940,v,T3795421,74-15-1506,487-387,58598784038,608 713 364,37 NEWDEGATE ST,DEAKIN,AUSTRALIAN CAPITAL TERRITORY,2600,AUS
151-32-2724,Thomas,Kingdon,,26-03-1950,kithomas@sydney.gov.in,908-814-6899,O+,304,04-07-2011,4473 1540 5325 1783,m,E0278252,01-45-8832,197-621,56621604924,719 779 536,23 BEACH DR,KILLCARE,NEW SOUTH WALES,2257,AUS
151-32-2725,Mireille,Onwunli,,21-09-1984,onmireille@sydney.gov.in,908-814-6900,O+,305,05-07-2011,9763 6570 8711 6630,v,Z5028223,22-92-9029,920-885,36737004022,775 052 252,30 DURALLA ST,BUNGENDORE,NEW SOUTH WALES,2621,AUS
151-32-2726,Lillian,Simpson,,19-11-1952,silillian@ibm.com,908-814-6901,AB-,306,01-07-2011,9713 8215 3770 5852,v,N4131796,30-33-4394,154-886,60974714287,720 292 309,3069 THE NORTHERN RD,LUDDENHAM,NEW SOUTH WALES,2745,AUS
151-32-2727,Gail,Mcafee,,22-12-1944,mcgail@ibm.com,908-814-6902,A+,307,02-07-2011,2604 4245 0909 2745,v,U7145458,49-58-1473,702-869,24898374309,994 195 517,139 MARCH ST,RICHMOND,NEW SOUTH WALES,2753,AUS
151-32-2728,Johnson,Frazier,,21-04-1958,frjohnson@microsoft.com,908-814-6903,B+,308,03-07-2011,5005 9617 3785 8644,m,G9405552,81-82-3507,860-854,47555114033,816 293 598,2 ELEANOR CRES,ROOTY HILL,NEW SOUTH WALES,2766,AUS
151-32-2729,Rebecca,Feusier,,25-03-1962,ferebecca@toyto.com,908-814-6904,B+,309,04-07-2011,4473 1606 3674 2512,m,Z9144872,84-86-9112,627-810,35758034789,272 624 849,296 ANSON ST,ORANGE,NEW SOUTH WALES,2800,AUS
151-32-2730,Robert,Vasquez,,06-09-1964,varobert@hotmail.com,908-814-6905,O-,310,05-07-2011,0111 3551 5302 0801,m,Q4988301,13-00-2592,673-228,22298174906,665 466 587,17 GEORGE ST,MELBOURNE EAST,VICTORIA,3002,AUS
151-32-2731,Ashley,Pennebaker,,27-05-1986,peashley@toyto.com,908-814-6906,B-,311,01-07-2011,7944 2004 7764 1114,v,Y3645079,06-99-6421,945-125,39388984018,324 485 480,487 KING ST,WEST MELBOURNE,VICTORIA,3003,AUS
151-32-2732,Thomas,Simpson,,23-09-1963,sithomas@toyto.com,908-814-6907,O+,312,02-07-2011,3835 1253 7778 1895,v,S9181997,39-33-3661,944-506,35066314074,299 819 330,4 BERKSHIRE RD,SUNSHINE NORTH,VICTORIA,3020,AUS
151-32-2733,Susan,Dickerson,,02-10-1969,disusan@lnt.com,908-814-6908,A+,313,03-07-2011,4089 2508 0409 0448,v,P2946943,83-17-1915,179-897,34572154820,910 087 698,117 SPRINGFIELD RD,BLACKBURN NORTH,VICTORIA,3130,AUS
151-32-2734,Christopher,Kroeger,,12-01-1978,krchristopher@sydney.gov.in,908-814-6909,O-,314,04-07-2011,6189 9119 7820 8113,m,V0359141,61-48-0675,933-228,54168194438,171 160 991,1-7 FRANCIS RD,WINGFIELD,SOUTH AUSTRALIA,5013,AUS
151-32-2735,Rick,Parmer,,09-04-1980,parick@microsoft.com,908-814-6910,O-,315,05-07-2011,6926 0207 3539 8323,v,J9601488,63-15-9988,421-380,28941284188,986 048 422,11 VILLAMANTA ST,GEELONG WEST,VICTORIA,3218,AUS
151-32-2736,Victor,Spain,,04-01-1975,spvictor@ibm.com,908-814-6911,B-,316,01-07-2011,6562 7647 0561 5485,m,I1068548,01-56-7666,994-099,55286844899,506 353 205,238 THIRTEENTH ST,MILDURA,VICTORIA,3500,AUS
151-32-2737,Lisa,Miley,,11-07-1953,milisa@toyto.com,908-814-6912,AB-,317,02-07-2011,7103 7340 4869 3706,m,W2868060,71-09-2803,634-067,31422774406,518 105 082,42-72 HOLMES RD,BENDIGO,VICTORIA,3550,AUS
151-32-2738,Marjorie,Summers,,16-02-1968,sumarjorie@microsoft.com,908-814-6913,A-,318,03-07-2011,8566 5900 5273 9743,m,X7940386,12-08-3824,297-735,26746484886,216 114 181,419 ANZAC PDE,BANDIANA,VICTORIA,3691,AUS
151-32-2739,Mark,Banas,,20-01-1952,bamark@gmail.com,908-814-6914,AB-,319,04-07-2011,9715 0368 3557 6377,m,Q2840178,32-00-5918,599-879,40897004704,334 069 340,79 WICKHAM TCE,SPRING HILL,QUEENSLAND,4000,AUS
151-32-2740,James,Robbins,,16-01-1980,rojames@ibm.com,908-814-6915,O+,320,05-07-2011,8272 2014 3193 6160,v,A8556244,55-98-3187,859-969,36081744376,649 113 070,U 15 6- 10 CAIRO ST,ROCKDALE,NEW SOUTH WALES,2216,AUS
151-32-2741,Albert,Sanford,,14-06-1982,saalbert@gmail.com,908-814-6916,AB-,321,01-07-2011,8401 6960 4635 0031,v,O9754039,02-24-0187,488-380,52656064089,318 106 572,56 ZHAEL ST,CARINA,QUEENSLAND,4152,AUS
151-32-2742,Charles,Garcia,,10-03-1961,gacharles@lnt.com,908-814-6917,A+,322,02-07-2011,4502 1383 7606 4789,v,Q5770820,55-70-2451,397-944,37376454402,627 131 211,129 JELLICOE ST,NORTH TOOWOOMBA,QUEENSLAND,4350,AUS
151-32-2743,Teresa,Stockdale,,20-09-1955,stteresa@gmail.com,908-814-6918,A+,323,03-07-2011,2728 4184 7065 0400,a,R1076702,32-98-8768,997-878,50440434466,047 607 015,1195 ANZAC AVE,KALLANGUR,QUEENSLAND,4503,AUS
151-32-2744,Tim,Oyola,,28-05-1967,oytim@ibm.com,908-814-6919,O-,324,04-07-2011,0326 1844 1767 5646,d,U4721813,32-59-1111,747-468,61726444635,186 130 753,192 NEWELL ST,BUNGALOW,QUEENSLAND,4870,AUS
151-32-2745,Monte,Peacock,,24-10-1958,pemonte@sydney.gov.in,908-814-6920,O+,325,05-07-2011,4003 5047 9087 0004,v,S7338922,44-57-9665,990-534,62341714289,837 839 841,L 8 91 KING WILLIAM ST,ADELAIDE,SOUTH AUSTRALIA,5000,AUS
151-32-2746,Adriane,Renfro,,17-07-1953,readriane@hotmail.com,908-814-6921,A-,326,01-07-2011,1584 5055 5120 5846,m,H0265788,13-07-6260,369-143,48667604530,026 624 000,64 WOODWARD ST,MEREWETHER,NEW SOUTH WALES,2291,AUS
151-32-2747,Jerome,Reyes,,09-06-1950,rejerome@gmail.com,908-814-6922,O+,327,02-07-2011,4808 9508 6118 4392,v,S5030152,36-87-9411,400-964,66806524546,214 465 496,56 MAGILL RD,NORWOOD,SOUTH AUSTRALIA,5067,AUS
151-32-2748,Agnes,Russell,,10-02-1965,ruagnes@lnt.com,908-814-6923,A+,328,03-07-2011,1556 5969 5178 3386,v,Z8469059,58-74-9974,621-197,31331274126,735 899 217,SE 6/102 RESERVOIR RD,MODBURY,SOUTH AUSTRALIA,5092,AUS
151-32-2749,Lynette,Santos,,19-08-1977,salynette@microsoft.com,908-814-6924,A+,329,04-07-2011,7469 1789 8173 2533,v,L1543903,65-07-0247,316-732,52193554020,753 094 368,8 THOMAS ST,CHATSWOOD,NEW SOUTH WALES,2067,AUS
151-32-2750,Stacey,Townsend,,20-06-1964,tostacey@lnt.com,908-814-6925,O-,330,05-07-2011,3835 6325 8124 3853,m,M6596613,53-09-9436,584-332,22301734486,229 746 255,PO BOX 526,GLEN INNES,NEW SOUTH WALES,2370,AUS
151-32-2751,Julie,Venson,,18-08-1979,vejulie@ibm.com,908-814-6926,A-,331,01-07-2011,0179 1607 8660 0180,v,K8003177,48-12-2000,544-062,45776294811,508 408 108,LOT 11 23 CESSNOCK ST,CESSNOCK,NEW SOUTH WALES,2325,AUS
151-32-2752,Danny,Watson,,24-05-1976,wadanny@sydney.gov.in,908-814-6927,B-,332,02-07-2011,2776 8126 6754 9002,v,W2001665,68-07-6344,496-134,58770274421,124 481 035,U 6 2-14 SHEFFIELD RD,WELSHPOOL,WESTERN AUSTRALIA,6106,AUS
151-32-2753,Jacki,White,,21-04-1958,whjacki@hotmail.com,908-814-6928,O-,333,03-07-2011,8303 2952 6729 0697,v,M7740240,90-80-8001,148-635,52198124761,514 700 427,884 HUON RD,FERN TREE,TASMANIA,7054,AUS
151-32-2754,Thomas,Zwick,,22-12-1944,zwthomas@ibm.com,908-814-6929,O+,334,04-07-2011,4980 7205 1172 6270,m,R5682438,88-61-1111,642-655,61802264088,287 901 895,SHOP 1/37 LENNOX ST,RICHMOND,NEW SOUTH WALES,2753,AUS
151-32-2755,Mireille,Aragon,,21-04-1958,armireille@ibm.com,908-814-6930,O-,335,05-07-2011,2147 1932 4703 6867,m,J0935265,53-65-0880,607-146,30346694173,050 954 641,PO BOX 225,PALMERSTON,NORTHERN TERRITORY,831,AUS
151-32-2756,Lillian,Borden,,25-03-1962,bolillian@turbotech.com,908-814-6931,A-,336,01-07-2011,7387 5424 1265 5760,m,P3349047,62-70-3996,078-270,61085294558,731 248 967,U 1 20-24 GIBBS ST,MIRANDA,NEW SOUTH WALES,2228,AUS
151-32-2757,Gail,Conley,,06-09-1964,cogail@hotmail.com,908-814-6932,A+,337,02-07-2011,4539 3013 2266 8969,v,P5330695,80-80-5623,549-640,53229314305,213 708 047,2684 NELSON BAY RD,SALT ASH,NEW SOUTH WALES,2318,AUS
151-32-2758,Johnson,Davis,,27-05-1986,dajohnson@gmail.com,908-814-6933,AB-,338,03-07-2011,0489 2289 7965 6589,v,J0824002,31-54-3012,216-619,49055414437,558 357 430,L 13 90 COLLIN ST,MELBOURNE,VICTORIA,3000,AUS
151-32-2759,Rebecca,Diaz,,23-09-1963,direbecca@microsoft.com,908-814-6934,O+,339,04-07-2011,7820 6153 1249 6573,v,O1524532,67-35-8269,570-586,63910384626,319 594 224,5 MONTAGUE ST,NORTH MANLY,NEW SOUTH WALES,2100,AUS
151-32-2760,Robert,Edwards,,02-10-1969,edrobert@hotmail.com,908-814-6935,AB-,340,05-07-2011,2310 9403 5977 4616,m,U4010660,77-74-2024,013-298,63033034107,109 708 687,660 SAMPSON RD,WARRAMBOO,SOUTH AUSTRALIA,5650,AUS
151-32-2761,Ashley,Faulkner,,12-01-1978,faashley@microsoft.com,908-814-6936,A+,341,01-07-2011,9147 2106 2140 3365,v,L1369152,25-35-4503,044-229,54773524107,481 640 731,L 4 80-84 CHANDOS ST,ST LEONARDS,NEW SOUTH WALES,2065,AUS
151-32-2762,Thomas,Garrison,,09-04-1980,gathomas@sydney.gov.in,908-814-6937,A+,342,02-07-2011,0720 6597 8013 3875,m,Z7930025,27-63-5595,221-487,62036984708,415 465 040,LOT 133 HILLYARD ST,PIALBA,QUEENSLAND,4655,AUS
151-32-2763,Susan,Green,,04-01-1975,grsusan@lnt.com,908-814-6938,O+,343,03-07-2011,0678 4805 0216 4655,m,K7439342,56-70-2164,424-231,42947204934,673 281 893,L 32 1 EAGLE ST,BRISBANE CITY,QUEENSLAND,4000,AUS
151-32-2764,Christopher,Hall,,11-07-1953,hachristopher@toyto.com,908-814-6939,A+,344,04-07-2011,6721 8202 5223 1403,m,F4119212,71-57-5071,085-060,47916574810,777 207 449,10 MOONEE ST,COFFS HARBOUR,NEW SOUTH WALES,2450,AUS
151-32-2765,Rick,Heard,,16-02-1968,herick@lnt.com,908-814-6940,A-,345,05-07-2011,3848 0369 0416 2641,m,D7758122,22-21-3101,215-588,22566484011,685 075 918,L 1 14 STARKEY ST,FORESTVILLE,NEW SOUTH WALES,2087,AUS
151-32-2766,Victor,Iorio,,20-01-1952,iovictor@hotmail.com,908-814-6941,B-,346,01-07-2011,2079 6564 6573 5221,v,F8782779,99-72-2219,509-458,66101614540,240 021 786,SHP 1 161 WENTWORTH RD,PORT KEMBLA,NEW SOUTH WALES,2505,AUS
151-32-2767,Lisa,Jackson,,16-01-1980,jalisa@toyto.com,908-814-6942,B-,347,02-07-2011,6533 7682 1700 2142,v,P9283406,85-41-6401,495-861,23814754994,516 371 860,1 SPRING ST,MELBOURNE,VICTORIA,3000,AUS
151-32-2768,Marjorie,Kaminski,,14-06-1982,kamarjorie@microsoft.com,908-814-6943,B+,348,03-07-2011,1797 8943 7872 8219,,X5867301,94-10-2602,655-737,34362404248,938 576 699,9 ORMONDE RD,EAST LINDFIELD,NEW SOUTH WALES,2070,AUS
151-32-2769,Mark,Lowe,,10-03-1961,lomark@hotmail.com,908-814-6944,O-,349,04-07-2011,3948 0602 9506 2086,,W7890075,14-12-2114,885-473,54540114676,229 908 756,61 THE PARADE,NORWOOD,SOUTH AUSTRALIA,5067,AUS
151-32-2770,James,Mceachern,,20-09-1955,mcjames@microsoft.com,908-814-6945,B+,350,05-07-2011,6408 5680 7870 6784,,H0572935,37-33-0689,021-126,30767114562,484 472 539,2070 BELLS LINE OF RD,BILPIN,NEW SOUTH WALES,2758,AUS
151-32-2771,Albert,Morrison,,28-05-1967,moalbert@microsoft.com,908-814-6946,AB-,351,01-07-2011,5473 1805 7792 7333,m,Z0812605,10-86-0158,846-621,26462914663,758 145 810,L 2 160 QUEEN ST,MELBOURNE,VICTORIA,3000,AUS
151-32-2772,Charles,Munsch,,24-10-1958,mucharles@ibm.com,908-814-6947,O+,352,02-07-2011,4998 4976 2811 2490,m,L3159161,33-15-0545,283-106,60378654913,111 752 607,L 22 EMIRATES HOUSE 167 EAGLE ST,BRISBANE,QUEENSLAND,4001,AUS
151-32-2773,Teresa,Nelson,,17-07-1953,neteresa@hotmail.com,908-814-6948,O-,353,03-07-2011,0652 5854 1504 9381,v,S1261916,11-54-6947,138-698,35042774682,874 770 109,7 JACQUELENE CL,BAYVIEW,NEW SOUTH WALES,2104,AUS
151-32-2774,Tim,Oyola,,09-06-1950,oytim@ibm.com,908-814-6949,O+,354,04-07-2011,3068 7619 4124 9427,m,P8728816,10-58-8109,591-315,53938764235,782 270 453,12 ENDURANCE AVE,QUEANBEYAN EAST,NEW SOUTH WALES,2620,AUS
151-32-2775,Monte,Peacock,,10-02-1965,pemonte@ibm.com,908-814-6950,B-,355,05-07-2011,8310 3308 4520 3559,v,S6247223,92-91-1301,348-303,37187324430,495 700 329,41-43 COMMERCIAL RD,MURWILLUMBAH,NEW SOUTH WALES,2484,AUS
151-32-2776,Adriane,Renfro,,19-08-1977,readriane@sydney.gov.in,908-814-6951,B+,356,01-07-2011,6303 8820 2811 7046,a,R4217443,51-09-4002,200-077,20440144916,366 150 413,293 VICTORIA RD,MARRICKVILLE,NEW SOUTH WALES,2204,AUS
151-32-2777,Jerome,Reyes,,20-06-1964,rejerome@sydney.gov.in,908-814-6952,AB-,357,02-07-2011,1151 4095 9670 2671,d,L2148516,23-55-7017,748-787,62915214245,081 053 141,PO BOX 200,ANNERLEY,QUEENSLAND,4103,AUS
151-32-2778,Agnes,Russell,,18-08-1979,ruagnes@ibm.com,908-814-6953,O+,358,03-07-2011,4464 6087 8208 1828,v,H5332785,69-83-9742,384-438,27503624021,549 324 824,17 BOND CRES,WETHERILL PARK,NEW SOUTH WALES,2164,AUS
151-32-2779,Lynette,Santos,,24-05-1976,salynette@microsoft.com,908-814-6954,O+,359,04-07-2011,9141 0539 1596 1995,m,B7397584,00-72-0386,091-282,46669264841,561 905 793,122-126 OLD PITTWATER RD,BROOKVALE,NEW SOUTH WALES,2100,AUS
151-32-2780,Stacey,Townsend,,26-03-1950,tostacey@lnt.com,908-814-6955,AB-,360,05-07-2011,2871 0010 8703 8395,v,I8307273,73-03-8134,388-206,29384564871,739 284 671,186 HOPETOUN AVE,WATSONS BAY,NEW SOUTH WALES,2030,AUS
151-32-2781,Julie,Venson,,21-09-1984,vejulie@turbotech.com,908-814-6956,A+,361,01-07-2011,9681 4930 2127 0286,v,R4966521,22-11-4579,631-474,27486914327,048 656 359,OCEAN DR,PORT MACQUARIE,NEW SOUTH WALES,2444,AUS
151-32-2782,Danny,Watson,,19-11-1952,wadanny@lnt.com,908-814-6957,B+,362,02-07-2011,9945 7741 5423 0827,v,T6265496,06-96-2326,385-753,44511824814,926 540 981,6 THREE CHAIN RD,SOUTH LISMORE,NEW SOUTH WALES,2480,AUS
151-32-2783,Jacki,White,,22-12-1944,whjacki@gmail.com,908-814-6958,B+,363,03-07-2011,1542 9142 2120 2343,m,U6635998,66-15-4605,746-767,25341304589,107 906 620,65 AITKEN ST,WILLIAMSTOWN,VICTORIA,3016,AUS
151-32-2784,Thomas,Zwick,,21-04-1958,zwthomas@toyto.com,908-814-6959,O-,364,04-07-2011,6906 0227 7173 7465,v,L0938232,07-96-1094,388-401,59844074438,682 515 115,U 32 176 SOUTH CREEK RD,CROMER,NEW SOUTH WALES,2099,AUS
151-32-2785,Mireille,Aragon,,25-03-1962,armireille@lnt.com,908-814-6960,B-,365,05-07-2011,5414 8858 0274 3276,v,Z7490251,30-13-1901,382-050,35402034125,429 306 164,SHOP 9 326 CAMDEN VALLEY WAY,NARELLAN,NEW SOUTH WALES,2567,AUS
151-32-2786,Lillian,Borden,,06-09-1964,bolillian@gmail.com,908-814-6961,O+,366,01-07-2011,5850 7696 3907 7841,v,N0289732,10-30-6080,768-034,65339414319,486 794 172,184 WINDSOR RD,NORTHMEAD,NEW SOUTH WALES,2152,AUS
151-32-2787,Gail,Conley,,27-05-1986,cogail@ibm.com,908-814-6962,A+,367,02-07-2011,7152 0198 6373 0584,m,T4467727,82-71-2444,899-888,36998394860,407 343 344,L 2 245 PACIFIC HWY,NORTH SYDNEY,NEW SOUTH WALES,2060,AUS
151-32-2788,Johnson,Davis,,23-09-1963,dajohnson@ibm.com,908-814-6963,O-,368,03-07-2011,5040 2513 5916 0965,m,O4697071,29-91-1739,600-319,49749014551,301 149 549,11 BLENHEIM ST,GLENROY,VICTORIA,3046,AUS
151-32-2789,Rebecca,Diaz,,02-10-1969,direbecca@gmail.com,908-814-6964,O-,369,04-07-2011,9873 1667 9511 6307,m,E4510717,14-12-5784,977-029,26114004347,046 902 429,54 CALMSLEY PL,HORSLEY PARK,NEW SOUTH WALES,2175,AUS
151-32-2790,Robert,Edwards,,12-01-1978,edrobert@gmail.com,908-814-6965,B-,370,05-07-2011,4867 9047 5535 1453,v,C3840418,06-44-7418,243-070,47703054581,682 008 358,L 1 85 LONGUEVILLE RD,LANE COVE,NEW SOUTH WALES,2066,AUS
151-32-2791,Ashley,Faulkner,,09-04-1980,faashley@hotmail.com,908-814-6966,AB-,371,01-07-2011,9623 9418 8996 5569,v,D1756741,73-25-1988,465-886,31995494560,473 075 264,SE 6 35-47 MISSENDEN RD,CAMPERDOWN,NEW SOUTH WALES,2050,AUS
151-32-2792,Thomas,Garrison,,04-01-1975,gathomas@microsoft.com,908-814-6967,A-,372,02-07-2011,2774 0416 3519 5700,v,N4973050,76-41-3720,575-592,65676654279,795 294 037,691 OLD PRINCES HWY,SUTHERLAND,NEW SOUTH WALES,2232,AUS
151-32-2793,Susan,Green,,11-07-1953,grsusan@gmail.com,908-814-6968,AB-,373,03-07-2011,1606 5177 4320 9586,m,T2526416,63-55-6404,616-006,42220004084,163 496 201,576 WHITEHORSE RD,MITCHAM,VICTORIA,3132,AUS
151-32-2794,Christopher,Hall,,16-02-1968,hachristopher@gmail.com,908-814-6969,O+,374,04-07-2011,1401 6947 1498 8806,v,D7136832,84-43-6054,348-943,26253564423,840 427 609,33 OLD LANDSBROUGH RD,BEERWAH,QUEENSLAND,4519,AUS
151-32-2795,Rick,Heard,,20-01-1952,herick@gmail.com,908-814-6970,AB-,375,05-07-2011,8063 5656 3141 5562,m,H2217536,13-15-8244,860-063,22455714993,259 918 736,50-60 POPES ROAD,KEYSBOROUGH,VICTORIA,3173,AUS
151-32-2796,Adriane,Iorio,,16-01-1980,ioadriane@microsoft.com,908-814-6971,A+,376,01-07-2011,3046 7659 6586 2534,m,J1316794,43-57-1770,924-678,45093044458,504 828 541,21 GINGER ST,PAGET,QUEENSLAND,4740,AUS
151-32-2797,Jerome,Jackson,,14-06-1982,jajerome@turbotech.com,908-814-6972,A+,377,02-07-2011,3266 6246 8148 4472,m,J3413507,43-59-1178,516-323,32381884451,820 098 164,P O BOX H 140,AUSTRALIA SQUARE,NEW SOUTH WALES,1215,AUS
151-32-2798,Agnes,Kaminski,,10-03-1961,kaagnes@toyto.com,908-814-6973,O-,378,03-07-2011,6294 6766 4924 3926,m,S7774268,31-25-8793,278-855,33331514511,399 819 309,473 OLD STATION RD,KEMPSEY,NEW SOUTH WALES,2440,AUS
151-32-2799,Lynette,Lowe,,20-09-1955,lolynette@hotmail.com,908-814-6974,O+,379,04-07-2011,2056 0137 0606 5177,v,I4241658,49-71-8061,810-953,37915734486,071 084 670,130-132 HIGH ST,WALLAN,VICTORIA,3756,AUS
151-32-2800,Stacey,Mceachern,,28-05-1967,mcstacey@gmail.com,908-814-6975,A-,380,05-07-2011,8003 8706 6027 9825,v,X1790400,36-20-7182,930-623,59110324616,005 873 352,314 GOVERNOR RD,BRAESIDE,VICTORIA,3195,AUS
151-32-2801,Julie,Morrison,,24-10-1958,mojulie@gmail.com,908-814-6976,O+,381,01-07-2011,9241 4130 4325 0342,v,F0842465,02-97-4310,389-776,61620464244,940 257 120,3/166 WELLINGTON ST,COLLINGWOOD,VICTORIA,3066,AUS
151-32-2802,Danny,Munsch,,17-07-1953,mudanny@gmail.com,908-814-6977,A+,382,02-07-2011,6331 1796 3014 0383,a,Q4239623,75-88-9632,190-462,43347914237,894 140 536,43 REGENCY RD,DOONAN,QUEENSLAND,4562,AUS
151-32-2803,Jacki,Nelson,,09-06-1950,nejacki@ibm.com,908-814-6978,A+,383,03-07-2011,1074 4430 1547 0119,d,U7415169,14-05-4821,536-233,42968124969,243 509 838,LOT 92 MUSCATEL WAY,ORCHARD HILLS,NEW SOUTH WALES,2748,AUS
151-32-2804,Thomas,Oyola,,10-02-1965,oythomas@sydney.gov.in,908-814-6979,O-,384,04-07-2011,6308 6511 5786 2419,v,C9282349,11-05-5068,259-347,60071154812,916 268 791,64-66 SMART ST,FAIRFIELD,NEW SOUTH WALES,2165,AUS
151-32-2805,Mireille,Peacock,,19-08-1977,pemireille@lnt.com,908-814-6980,A-,385,05-07-2011,0613 7829 6768 6240,m,O0359172,80-28-8516,005-525,27344134383,375 850 632,47 HARROW ST,SYLVANIA,NEW SOUTH WALES,2224,AUS
151-32-2806,Lillian,Renfro,,20-06-1964,relillian@sydney.gov.in,908-814-6981,B-,386,01-07-2011,2676 5521 8711 1186,v,U9991670,35-42-8675,192-144,54501324664,299 370 997,SE 11 193-201 NEW SOUTH HEAD RD,EDGECLIFF,NEW SOUTH WALES,2027,AUS
151-32-2807,Gail,Reyes,,18-08-1979,regail@hotmail.com,908-814-6982,O-,387,02-07-2011,3176 2092 0566 2922,v,A4851760,44-65-6215,194-415,30844534060,406 213 679,RIVERSIDE CORPORATE CENTRE 10 RIVER RD W,PARRAMATTA,NEW SOUTH WALES,2150,AUS
151-32-2808,Johnson,Russell,,24-05-1976,rujohnson@turbotech.com,908-814-6983,O+,388,03-07-2011,5232 6155 7555 4718,v,Y2519763,43-04-9943,030-746,25504694331,024 276 414,29 HUME ST,HUNTINGDALE,VICTORIA,3166,AUS
151-32-2809,Rebecca,Santos,,21-04-1958,sarebecca@sydney.gov.in,908-814-6984,O-,389,04-07-2011,2881 9691 6340 9991,m,A5946973,60-90-2055,499-830,21581444677,233 812 746,LEVEL 1 113-115 TALBRAGAR STREET,DUBBO,NEW SOUTH WALES,2830,AUS
151-32-2810,Robert,Townsend,,22-12-1944,torobert@hotmail.com,908-814-6985,A-,390,05-07-2011,9099 0756 0694 3755,v,A6102379,43-96-2982,887-961,60620334568,511 266 445,10 HOLMES DR,CUMBERLAND REACH,NEW SOUTH WALES,2756,AUS
151-32-2811,Ashley,Venson,,21-04-1958,veashley@turbotech.com,908-814-6986,A+,391,01-07-2011,8178 9680 4115 4765,v,L7652776,94-27-5437,113-554,39042744379,306 971 468,32 SWAN STREET,WOLLONGONG,NEW SOUTH WALES,2500,AUS
151-32-2812,Thomas,Watson,,25-03-1962,wathomas@turbotech.com,908-814-6987,B+,392,02-07-2011,4189 1032 2025 5572,v,M2760891,48-73-9413,914-718,49963444846,133 248 957,87 PHILLIPS ROAD,TARADALE,VICTORIA,3447,AUS
151-32-2813,Susan,White,,06-09-1964,whsusan@toyto.com,908-814-6988,A+,393,03-07-2011,8346 8410 0406 0506,m,P6011050,81-11-1526,128-623,32079334242,712 086 876,159B PARRAMATTA RD,HOMEBUSH,NEW SOUTH WALES,2140,AUS
151-32-2814,Christopher,Zwick,,27-05-1986,zwchristopher@gmail.com,908-814-6989,B-,394,04-07-2011,3709 2709 4683 3034,m,K9968105,97-73-9752,416-469,47947504320,202 300 843,4 CARR AVE,LEONGATHA,VICTORIA,3953,AUS
151-32-2815,Rick,Aragon,,23-09-1963,arrick@toyto.com,908-814-6990,A-,395,05-07-2011,2121 0987 5191 2900,m,E8821644,64-64-8764,360-692,28960794170,268 426 728,'LEVEL1' UNIT 6 1345 THE HORSLEY DRIVE,WETHERILL PARK,NEW SOUTH WALES,2164,AUS
151-32-2816,Thomas,Borden,,02-10-1969,bothomas@lnt.com,908-814-6991,B+,396,01-07-2011,0401 7683 3458 4632,v,G3382994,86-85-5379,043-437,22089264065,528 885 527,12 WILTON AVE,SOMERTON PARK,SOUTH AUSTRALIA,5044,AUS
151-32-2817,Charles,Conley,,12-01-1978,cocharles@gmail.com,908-814-6992,O-,397,02-07-2011,5787 1294 0712 8369,v,K8176460,36-23-2294,871-901,57055484011,450 504 904,U 29 277-281 KINGSWAY,CARINGBAH,NEW SOUTH WALES,2229,AUS
151-32-2818,Susan,Davis,,09-04-1980,dasusan@sydney.gov.in,908-814-6993,O-,398,03-07-2011,1451 9066 6363 9886,v,F1360258,63-70-5613,435-634,26708664134,835 101 296,LEVEL 26 GOVERNOR PHILLIP TOWER 1 FARRER PLACE,SYDNEY,NEW SOUTH WALES,2000,AUS
151-32-2819,Gail,Diaz,,04-01-1975,digail@microsoft.com,908-814-6994,O-,399,04-07-2011,7089 5949 4101 4883,m,I5749085,30-53-0213,297-630,65468384165,615 089 812,41 MUNSTER ST,PORT MACQUARIE,NEW SOUTH WALES,2444,AUS
151-32-2820,Lisa,Edwards,,11-07-1953,edlisa@sydney.gov.in,908-814-6995,A+,400,05-07-2011,6695 5619 1745 8455,v,D7074475,77-46-0463,463-614,59132864650,908 141 142,18 BROOKE CT,NUMURKAH,VICTORIA,3636,AUS
151-32-2821,Julie,Feusier,,16-02-1968,fejulie@microsoft.com,908-814-6996,A-,401,01-07-2011,7933 4833 8273 3101,m,L5887419,49-23-2524,335-987,30900154516,950 361 338,6 ALFRED RD,BROOKVALE,NEW SOUTH WALES,2100,AUS
151-32-2822,James,Vasquez,,20-01-1952,vajames@ibm.com,908-814-6997,O+,402,02-07-2011,0297 0300 5056 3512,m,K7097151,68-60-3729,007-138,56197904516,012 779 978,12 MARAN ST,SPRING FARM,NEW SOUTH WALES,2570,AUS
151-32-2823,Danny,Pennebaker,,16-01-1980,pedanny@turbotech.com,908-814-6998,O+,403,03-07-2011,4427 7333 2430 6104,m,T6469642,56-07-9102,217-347,63931774428,708 259 414,60 LARRA CRES,NORTH ROCKS,NEW SOUTH WALES,2151,AUS
151-32-2824,Mark,Simpson,,14-06-1982,simark@turbotech.com,908-814-6999,O+,404,04-07-2011,1273 8529 4827 0119,m,F8518058,82-06-1226,156-544,24170744596,347 853 646,'BURNS PHILP BUILDING' LEVEL 2 UNIT 1 7 BRIDGE STREET,SYDNEY,NEW SOUTH WALES,2000,AUS
151-32-2825,Monte,Dickerson,,10-03-1961,dimonte@turbotech.com,908-814-7000,O+,405,05-07-2011,5111 5874 1741 6421,v,B1560076,62-86-4255,547-502,23048254027,130 220 505,24 GROSVENOR ST,WAHROONGA,NEW SOUTH WALES,2076,AUS
151-32-2826,Christopher,Kroeger,,20-09-1955,krchristopher@gmail.com,908-814-7001,A-,406,01-07-2011,4609 9442 8208 9641,v,J4209929,50-08-4703,978-154,20113774561,950 400 774,3 HOVEA ST,MYALUP,WESTERN AUSTRALIA,6220,AUS
151-32-2827,Tim,Parmer,,28-05-1967,patim@ibm.com,908-814-7002,O+,407,02-07-2011,0414 5730 1695 5274,m,W7303957,28-61-2196,035-278,44795794821,499 946 371,36 KOWARA RD,SOMERSBY,NEW SOUTH WALES,2250,AUS
151-32-2828,Lynette,Spain,,24-10-1958,splynette@sydney.gov.in,908-814-7003,B-,408,03-07-2011,4070 0060 1284 0856,m,F0073087,79-90-5336,356-041,34627624735,122 941 037,1 FLINDELL ST,O'CONNOR,WESTERN AUSTRALIA,6163,AUS
151-32-2829,Adriane,Miley,,17-07-1953,miadriane@lnt.com,908-814-7004,A+,409,04-07-2011,0392 0744 4109 4547,v,V1833182,68-55-3031,365-238,30223294747,133 316 719,FY 2 18 COLLINS RD,DROMANA,VICTORIA,3936,AUS
151-32-2830,Thomas,Summers,,09-06-1950,suthomas@turbotech.com,908-814-7005,O+,410,05-07-2011,5435 4302 6440 3197,m,E7590040,36-41-6032,342-291,32790424392,872 891 939,22 FALLON RD,LANDSDALE,WESTERN AUSTRALIA,6065,AUS
151-32-2831,Victor,Banas,,10-02-1965,bavictor@ibm.com,908-814-7006,AB-,411,01-07-2011,4292 2131 0134 5678,v,I6220060,74-61-8239,658-086,35750684049,473 286 747,14 DOUGLAS STREET,NARRANDERA,NEW SOUTH WALES,2700,AUS
151-32-2832,Albert,Robbins,,19-08-1977,roalbert@microsoft.com,908-814-7007,A-,412,02-07-2011,0864 7210 2019 6823,a,J5025786,12-47-6835,382-671,29297764063,479 144 584,54 RIDGE ST,GORDON,NEW SOUTH WALES,2072,AUS
151-32-2833,Teresa,Sanford,,20-06-1964,sateresa@hotmail.com,908-814-7008,B-,413,03-07-2011,0996 7622 1906 7106,d,W0577869,84-32-4117,557-336,28688954201,507 718 487,FY 9 62-64 OAKOVER RD,PRESTON,VICTORIA,3072,AUS
151-32-2834,Rick,Garcia,,18-08-1979,garick@hotmail.com,908-814-7009,O-,414,04-07-2011,4850 4701 6488 0789,v,S3449362,17-88-6204,502-414,23626864546,829 045 619,100 LONG ST,SMITHFIELD,NEW SOUTH WALES,2164,AUS
151-32-2835,Stacey,Stockdale,,24-05-1976,ststacey@turbotech.com,908-814-7010,O+,415,05-07-2011,5651 8837 4236 0472,m,W8411873,74-04-3343,256-305,44871144555,641 878 272,OPERA QUAYS,SYDNEY,NEW SOUTH WALES,2000,AUS
151-32-2836,Agnes,Oyola,,26-03-1950,oyagnes@turbotech.com,908-814-7011,A+,416,01-07-2011,0516 4563 1734 5148,v,I9013341,33-09-8509,514-312,47514704907,718 177 695,194-196 GREAT WESTERN HWY,BLACKHEATH,NEW SOUTH WALES,2785,AUS
151-32-2837,Mireille,Peacock,,21-09-1984,pemireille@sydney.gov.in,908-814-7012,AB-,417,02-07-2011,5149 2055 7977 0915,v,S0709706,87-15-7233,619-563,65038794994,522 489 381,81 RACECOURSE RD,NORTH MELBOURNE,VICTORIA,3051,AUS
151-32-2838,Rebecca,Renfro,,19-11-1952,rerebecca@turbotech.com,908-814-7013,O+,418,03-07-2011,5699 6453 6657 7533,v,Y5109182,61-88-7632,582-071,43762224955,818 039 864,U 26B 1 MAITLAND PL,BAULKHAM HILLS,NEW SOUTH WALES,2153,AUS
151-32-2839,Lynette,Reyes,,22-12-1944,relynette@sydney.gov.in,908-814-7014,AB-,419,04-07-2011,9258 2460 1939 4417,m,F5535332,53-03-0925,806-112,55400184930,117 033 575,388 CANTERBURY ST,CANTERBURY,NEW SOUTH WALES,2193,AUS
151-32-2840,Stacey,Russell,,21-04-1958,rustacey@hotmail.com,908-814-7015,A+,420,05-07-2011,5598 9312 5438 7560,v,G0807969,61-58-8041,887-030,61135174847,489 810 177,L 2 429 NEW SOUTH HEAD RD,DOUBLE BAY,NEW SOUTH WALES,2028,AUS
151-32-2841,Julie,Santos,,25-03-1962,sajulie@toyto.com,908-814-7016,A+,421,01-07-2011,9510 8453 1708 7384,v,Q9129958,36-42-4503,584-543,58307954462,871 474 017,'ASIC MAIL RETURNED 07/08/2017' 4 **NELSON STREET,COBURG,VICTORIA,3058,AUS
151-32-2842,Danny,Townsend,,06-09-1964,todanny@hotmail.com,908-814-7017,O+,422,02-07-2011,5031 8811 5752 2529,v,K0515375,65-30-5519,719-120,64662194076,036 985 276,L 11 201 CHARLOTTE ST,BRISBANE,QUEENSLAND,4000,AUS
151-32-2843,Jacki,Venson,,27-05-1986,vejacki@turbotech.com,908-814-7018,A+,423,03-07-2011,3188 8072 5629 9371,m,H5382548,29-44-2060,594-660,57965364278,689 914 457,6 BYRON ST,LENNOX HEAD,NEW SOUTH WALES,2478,AUS
151-32-2844,Thomas,Watson,,23-09-1963,wathomas@turbotech.com,908-814-7019,A-,424,04-07-2011,2495 1663 6367 7830,m,B0147283,18-51-5151,537-833,55808344644,407 883 801,L 14 52 PHILLIP ST,SYDNEY,NEW SOUTH WALES,2000,AUS
151-32-2845,Mireille,White,,02-10-1969,whmireille@gmail.com,908-814-7020,B-,425,05-07-2011,4798 2676 5734 3295,m,X6215504,85-90-1241,733-606,37342274864,311 351 081,16 ALISA ST,FULLARTON,SOUTH AUSTRALIA,5063,AUS
151-32-2846,Lillian,Zwick,,12-01-1978,zwlillian@toyto.com,908-814-7021,B-,426,01-07-2011,8610 4371 6346 7570,v,Q1671544,57-10-7231,873-779,24891674890,291 109 315,CARNARVON ST,BROOME,WESTERN AUSTRALIA,6725,AUS
151-32-2847,Gail,Aragon,,09-04-1980,argail@sydney.gov.in,908-814-7022,B+,427,02-07-2011,2124 9372 4345 4925,v,Y9017504,87-11-0689,271-093,58695264967,312 901 293,747 HIGH STREET,ARMADALE,VICTORIA,3143,AUS
151-32-2848,Johnson,Borden,,04-01-1975,bojohnson@microsoft.com,908-814-7023,O-,428,03-07-2011,6316 4700 2202 6612,v,R1296187,49-33-0290,427-205,29928764653,759 772 054,138 LAWES ST,EAST MAITLAND,NEW SOUTH WALES,2323,AUS
151-32-2849,Rebecca,Conley,,11-07-1953,corebecca@gmail.com,908-814-7024,B+,429,04-07-2011,0898 4065 7710 0851,m,K5307192,65-36-3516,936-295,56409024508,087 292 867,2 BLACK LION PL,KENSINGTON,NEW SOUTH WALES,2033,AUS
151-32-2850,Robert,Davis,,16-02-1968,darobert@ibm.com,908-814-7025,AB-,430,05-07-2011,7282 5770 0827 8828,v,R2600306,64-55-6404,653-362,45197304129,966 037 121,LAKE RD,PORT MACQUARIE,NEW SOUTH WALES,2444,AUS
151-32-2851,Ashley,Diaz,,20-01-1952,diashley@hotmail.com,908-814-7026,O+,431,01-07-2011,4083 4629 5085 0414,m,K1499214,40-12-2969,126-647,29662224193,674 918 906,5 TOORMINA RD,TOORMINA,NEW SOUTH WALES,2452,AUS
151-32-2852,Thomas,Edwards,,16-01-1980,edthomas@ibm.com,908-814-7027,O-,432,02-07-2011,2093 4954 0885 1464,m,R9650943,09-37-2759,100-653,52670344929,214 854 888,SE 451 L 5 311-315 CASTLEREAGH ST,HAYMARKET,NEW SOUTH WALES,2000,AUS
151-32-2853,Susan,Faulkner,,14-06-1982,fasusan@microsoft.com,908-814-7028,O+,433,03-07-2011,0207 3073 1819 1104,m,E5911819,57-33-5849,704-212,52930794445,618 720 013,L 6 263 CLARENCE ST,SYDNEY,NEW SOUTH WALES,2000,AUS
151-32-2854,Christopher,Garrison,,10-03-1961,gachristopher@turbotech.com,908-814-7029,B-,434,04-07-2011,4424 9218 5421 5782,m,A2482408,21-39-9017,045-192,33984054130,720 752 561,33-37 ABEL ST,BENDIGO,VICTORIA,3550,AUS
151-32-2855,Rick,Green,,20-09-1955,grrick@turbotech.com,908-814-7030,B+,435,05-07-2011,8715 2865 0609 9558,v,J0651425,68-17-2087,510-973,22042884882,947 117 043,4 PARKER CT,ROXBURGH PARK,VICTORIA,3064,AUS
151-32-2856,Victor,Hall,,28-05-1967,havictor@sydney.gov.in,908-814-7031,AB-,436,01-07-2011,9374 0152 3053 1346,v,B0858231,19-60-9561,709-165,57406324018,124 561 096,74 MORRISON RD,GLADESVILLE,NEW SOUTH WALES,2111,AUS
151-32-2857,Lisa,Heard,,24-10-1958,helisa@toyto.com,908-814-7032,O+,437,02-07-2011,1656 4867 4300 2317,v,C3866978,77-80-8854,068-540,40015614892,318 527 264,SE2 MEZZANINE LEVEL 55-59 PARRAMATTA RD,LIDCOMBE,NEW SOUTH WALES,2141,AUS
151-32-2858,Marjorie,Iorio,,17-07-1953,iomarjorie@lnt.com,908-814-7033,O+,438,03-07-2011,7110 8260 2098 5837,a,D8488602,90-23-0709,615-002,65421024262,862 123 602,17 PATRICK ST,BLACKTOWN,NEW SOUTH WALES,2148,AUS
151-32-2859,Mark,Jackson,,09-06-1950,jamark@lnt.com,908-814-7034,AB-,439,04-07-2011,3614 8680 8595 9796,d,L7714866,30-00-0506,574-092,51738914631,189 193 894,53 GEORGES CRESCENT,GEORGES HALL,NEW SOUTH WALES,2198,AUS
151-32-2860,James,Kaminski,,10-02-1965,kajames@ibm.com,908-814-7035,A+,440,05-07-2011,0614 4237 5463 9982,v,G0325738,90-01-3073,201-200,50970134547,012 988 025,L 11 60 CITY RD,SOUTHBANK,VICTORIA,3006,AUS
151-32-2861,Albert,Lowe,,19-08-1977,loalbert@microsoft.com,908-814-7036,B+,441,01-07-2011,5072 0681 2164 7694,m,K7388360,68-12-8870,450-151,62697104001,775 403 558,SHOP 2 5 720 722 CANTERBURY RD,HURLSTONE PARK,NEW SOUTH WALES,2193,AUS
151-32-2862,Charles,Mceachern,,20-06-1964,mccharles@ibm.com,908-814-7037,B+,442,02-07-2011,6037 9112 4081 8355,v,G6071208,03-43-0371,990-963,52310284509,551 070 315,SHOP 5 1000 PITTWATER RD,COLLAROY BEACH,NEW SOUTH WALES,2097,AUS
151-32-2863,Teresa,Morrison,,18-08-1979,moteresa@gmail.com,908-814-7038,O-,443,03-07-2011,1387 9628 6589 2862,v,J9489001,14-91-3527,136-438,22702384145,441 359 304,U 1 20 NAPIER CL,DEAKIN,AUSTRALIAN CAPITAL TERRITORY,2600,AUS
151-32-2864,Tim,Munsch,,24-05-1976,mutim@lnt.com,908-814-7039,B-,444,04-07-2011,2095 2011 0175 0846,v,J4208293,84-33-2367,454-813,48522564545,101 694 454,121 JOHNSTON ST,TAMWORTH,NEW SOUTH WALES,2340,AUS
151-32-2865,Monte,Nelson,,21-04-1958,nemonte@ibm.com,908-814-7040,O+,445,05-07-2011,7958 2310 3789 9269,m,T3834220,67-09-5690,815-427,67540814796,720 687 845,SE 306 L 3 451 PITT ST,HAYMARKET,NEW SOUTH WALES,2000,AUS
151-32-2866,Adriane,Oyola,,22-12-1944,oyadriane@gmail.com,908-814-7041,A+,446,01-07-2011,7195 8077 1860 9006,v,U5980910,05-03-5604,930-649,32299024264,836 146 556,28 KENNETT CT,CICCONE,NORTHERN TERRITORY,870,AUS
151-32-2867,Jerome,Peacock,,21-04-1958,pejerome@gmail.com,908-814-7042,O-,447,02-07-2011,2466 2943 7710 6510,v,N9385660,01-90-8955,405-986,36054804285,655 543 301,21 NORTH STATION RD,NORTH BOOVAL,QUEENSLAND,4304,AUS
151-32-2868,Agnes,Renfro,,25-03-1962,reagnes@gmail.com,908-814-7043,O-,448,03-07-2011,0093 4646 7468 0418,v,A5778275,40-26-9526,183-976,44633064315,078 928 818,150 STUART RD,BRIGHTON,SOUTH AUSTRALIA,5048,AUS
151-32-2869,Lynette,Reyes,,06-09-1964,relynette@sydney.gov.in,908-814-7044,B-,449,04-07-2011,4601 1728 7086 1019,m,S6684010,97-20-2217,981-004,62200624079,794 230 174,17 CENTURY DR,BRAESIDE,VICTORIA,3195,AUS
151-32-2870,Stacey,Russell,,27-05-1986,rustacey@sydney.gov.in,908-814-7045,AB-,450,05-07-2011,2259 6461 1705 4520,m,A0320314,96-78-6862,276-737,23397724130,585 811 974,PO BOX 303,SAWTELL,NEW SOUTH WALES,2452,AUS
151-32-2871,Julie,Santos,,23-09-1963,sajulie@ibm.com,908-814-7046,A-,451,01-07-2011,9699 6310 2608 4496,m,S3294379,17-97-4403,952-582,45482004606,349 040 363,SE 5 L 9 1 CHANDOS ST,ST LEONARDS,NEW SOUTH WALES,2065,AUS
151-32-2872,Danny,Townsend,,02-10-1969,todanny@toyto.com,908-814-7047,AB-,452,02-07-2011,8419 5811 2798 5100,v,Q2188554,20-04-7206,413-037,26991364905,415 532 827,L 7 77 CASTLEREAGH ST,SYDNEY,NEW SOUTH WALES,2000,AUS
151-32-2873,Jacki,Venson,,12-01-1978,vejacki@gmail.com,908-814-7048,O+,453,03-07-2011,9740 5887 5448 0083,v,L7211082,00-05-8596,725-708,24879284411,712 007 309,3 DUBLIN AVE,KILLARNEY HEIGHTS,NEW SOUTH WALES,2087,AUS
151-32-2874,Thomas,Watson,,09-04-1980,wathomas@sydney.gov.in,908-814-7049,AB-,454,04-07-2011,6042 1309 2238 1461,v,Q8416975,81-72-4796,382-565,26582654875,594 690 349,46 WOMMIN BAY RD,CHINDERAH,NEW SOUTH WALES,2487,AUS
151-32-2875,Mireille,White,,04-01-1975,whmireille@gmail.com,908-814-7050,A+,455,05-07-2011,4979 3065 5369 7182,m,L2437290,50-64-1170,450-784,34072774474,985 051 867,LOT 3 MOUNT MCINTOSH RD,NARACOORTE,SOUTH AUSTRALIA,5271,AUS
151-32-2876,Lillian,Zwick,,11-07-1953,zwlillian@sydney.gov.in,908-814-7051,A+,456,01-07-2011,0185 6492 1680 0642,v,Z1653426,46-23-4076,110-157,29786674710,730 272 450,6 NOORDENNE AVE,SEAHOLME,VICTORIA,3018,AUS
151-32-2877,Gail,Aragon,,16-02-1968,argail@ibm.com,908-814-7052,O-,457,02-07-2011,5113 6376 0812 1642,m,C2618101,70-10-8121,248-542,55790734712,339 673 844,U 5 8 ST JUDE CT,BROWNS PLAINS,QUEENSLAND,4118,AUS
151-32-2878,Johnson,Borden,,20-01-1952,bojohnson@microsoft.com,908-814-7053,O+,458,03-07-2011,5378 8410 7008 9983,m,S9180456,97-15-5781,876-075,52631824094,792 679 911,SHOP 1 29-31 WINDSOR RD,KELLYVILLE,NEW SOUTH WALES,2155,AUS
151-32-2879,Rebecca,Conley,,16-01-1980,corebecca@microsoft.com,908-814-7054,A-,459,04-07-2011,3136 3151 4927 8543,m,U0863221,01-75-0543,066-188,28788254610,618 138 113,17A PAYTEN ST,ERARING,NEW SOUTH WALES,2264,AUS
151-32-2880,Robert,Davis,,14-06-1982,darobert@sydney.gov.in,908-814-7055,O+,460,05-07-2011,0899 4640 6011 1301,m,F8478979,68-86-2699,804-550,49238294905,891 980 745,THE TRUST BUILDING SE 1009 155 KING ST,SYDNEY,NEW SOUTH WALES,2000,AUS
151-32-2881,Ashley,Diaz,,10-03-1961,diashley@toyto.com,908-814-7056,A+,461,01-07-2011,1692 4102 8836 6815,v,H8153621,32-73-0154,578-124,33356614585,535 649 488,19 MIDDLETON RD,ALBANY,WESTERN AUSTRALIA,6330,AUS
151-32-2882,Thomas,Edwards,,20-09-1955,edthomas@gmail.com,908-814-7057,A+,462,02-07-2011,9346 6494 0391 6301,v,V7453818,99-30-9321,422-712,34058864464,883 813 574,230 JOLLEY RD,TONIMBUK,VICTORIA,3815,AUS
151-32-2883,Susan,Faulkner,,28-05-1967,fasusan@sydney.gov.in,908-814-7058,O-,463,03-07-2011,7689 2416 5946 2397,m,Q7135304,14-85-0592,780-179,65415694384,260 160 997,SE 7 3554 MAIN BEACH PDE,MAIN BEACH,QUEENSLAND,4217,AUS
151-32-2884,Christopher,Garrison,,24-10-1958,gachristopher@turbotech.com,908-814-7059,A-,464,04-07-2011,1490 2159 0177 9971,m,C3572015,01-41-7217,634-637,35936374918,586 746 914,2526 COLAC BALLARAT RD,CORINDHAP,VICTORIA,3352,AUS
151-32-2885,Rick,Green,,17-07-1953,grrick@hotmail.com,908-814-7060,B-,465,05-07-2011,0667 0903 8101 6066,v,U8012402,71-01-2161,195-896,25729034182,817 871 198,1 BURTON ST,VINCENTIA,NEW SOUTH WALES,2540,AUS
151-32-2886,Victor,Hall,,09-06-1950,havictor@hotmail.com,908-814-7061,O-,466,01-07-2011,7776 5004 5314 1671,m,B7637812,02-63-8514,760-001,59914894430,511 605 759,LEVEL 2 34 BELGRAVE STREET,MANLY,NEW SOUTH WALES,2095,AUS
151-32-2887,Lisa,Heard,,10-02-1965,helisa@hotmail.com,908-814-7062,O+,467,02-07-2011,6484 8406 7952 8420,v,I5949361,86-02-8207,127-407,23404694079,665 450 092,120 HORN ST,LEONGATHA,VICTORIA,3953,AUS
151-32-2888,Marjorie,Iorio,,19-08-1977,hotmail.com,908-814-7063,O-,468,03-07-2011,9212 1357 1797 3465,a,Y0936935,31-02-1491,186-898,34540744316,632 350 017,31 HINEMOA AVE,KILLARNEY VALE,NEW SOUTH WALES,2261,AUS
151-32-2889,Mark,Jackson,,20-06-1964,jamark@toyto.com,908-814-7064,A-,469,04-07-2011,2479 0678 2692 3894,d,Z6382228,76-58-0305,894-199,39493534582,829 181 206,27-29 MARNI ST,DANDENONG SOUTH,VICTORIA,3175,AUS
151-32-2890,James,Kaminski,,18-08-1979,kajames@ibm.com,908-814-7065,A+,470,05-07-2011,9044 1655 9842 1909,v,F8041466,81-01-9981,255-613,48161604646,499 657 160,PO BOX 122,OURIMBAH,NEW SOUTH WALES,2258,AUS
151-32-2891,Albert,Lowe,,24-05-1976,loalbert@turbotech.com,908-814-7066,AB-,471,01-07-2011,7147 1932 1547 2010,m,G8194558,77-88-5805,205-109,29239474862,001 758 468,3124 ADA ST,CREMORNE,VICTORIA,3121,AUS
151-32-2892,Charles,Mceachern,,26-03-1950,mccharles,908-814-7067,O+,472,02-07-2011,6584 7990 1204 6095,v,G9900398,10-88-3134,377-933,35760144346,612 724 900,44 BRIDGE STREET,SYDNEY,NEW SOUTH WALES,2000,AUS
151-32-2893,Teresa,Morrison,,21-09-1984,moteresa@microsoft.com,908-814-7068,AB-,473,03-07-2011,5220 2031 6616 6684,v,Z4297586,88-72-1009,727-728,68532574599,288 091 950,34 RACECOURSE RD,RUTHERFORD,NEW SOUTH WALES,2320,AUS
151-32-2894,Tim,Munsch,,19-11-1952,mutim@sydney.gov.in,908-814-7069,A+,474,04-07-2011,4759 0162 9172 2483,v,F7662448,04-10-1782,735-889,41748014429,041 696 080,KANGAROO POINT CRUISE TERMINAL BROOKLYN RD,BROOKLYN,NEW SOUTH WALES,2083,AUS
151-32-2895,Monte,Nelson,,22-12-1944,nemonte@lnt.com,908-814-7070,A+,475,05-07-2011,6673 6357 4127 9207,m,E7319091,37-91-8074,705-884,27249594412,414 340 206,SE 16 G 105-109 LONGUEVILLE RD,LANE COVE,NEW SOUTH WALES,2066,AUS
151-32-2896,Adriane,Oyola,,21-04-1958,oyadriane@toyto.com,908-814-7071,O+,476,01-07-2011,0005 1105 3009 0500,v,L1990031,11-56-6184,171-932,27065864572,469 280 585,UNIT 4 13 BOUNDARY ROAD,NORTHMEAD,NEW SOUTH WALES,2152,AUS
151-32-2897,Jerome,Peacock,,25-03-1962,pejerome@toyto.com,908-814-7072,A+,477,02-07-2011,1120 0528 6011 0589,v,P5740330,86-12-6202,288-910,60158274864,648 040 894,U 221 ELIZABETH ST,CAMDEN,NEW SOUTH WALES,2570,AUS
151-32-2898,Agnes,Renfro,,06-09-1964,reagnes@gmail.com,908-814-7073,A-,478,03-07-2011,7473 0578 4322 0390,v,T3991927,17-84-6807,115-624,51782854868,768 074 553,323 WILLIAMSTOWN RD,PORT MELBOURNE,VICTORIA,3207,AUS
151-32-2899,Lynette,Reyes,,27-05-1986,relynette@hotmail.com,908-814-7074,B-,479,04-07-2011,3539 8961 1214 0678,m,W2642989,44-17-8119,161-143,43438834181,411 691 634,U 2 25 HOSKINS AVE,BANKSTOWN,NEW SOUTH WALES,2200,AUS
151-32-2900,Stacey,Russell,,23-09-1963,rustacey@hotmail.com,908-814-7075,B-,480,05-07-2011,9120 9081 1454 8095,m,M5679223,07-11-1079,093-631,40404044521,680 325 130,188 MILITARY RD,GUILDFORD,NEW SOUTH WALES,2161,AUS
151-32-2901,Julie,Santos,,02-10-1969,sajulie@lnt.com,908-814-7076,B+,481,01-07-2011,5503 1559 0201 9976,m,W9867929,34-71-9877,174-851,50722064008,370 340 092,PO BOX 3033,LANSVALE,NEW SOUTH WALES,2166,AUS
151-32-2902,Danny,Townsend,,12-01-1978,todanny@microsoft.com,908-814-7077,O-,482,02-07-2011,6526 1495 2077 7349,v,C0593040,31-13-2435,359-868,21546384745,420 032 259,PO BOX 130,MODBURY,SOUTH AUSTRALIA,5092,AUS
151-32-2903,Jacki,Venson,,09-04-1980,vejacki@turbotech.com,908-814-7078,B+,483,03-07-2011,1047 3652 8827 8541,v,I6746518,57-69-9419,055-629,21002474271,278 284 347,152 MAIN ST,LITHGOW,NEW SOUTH WALES,2790,AUS
151-32-2904,Thomas,Watson,,04-01-1975,wathomas@microsoft.com,908-814-7079,AB-,484,04-07-2011,3041 1720 9000 8073,v,I7381790,12-13-1423,555-123,28223974520,090 202 666,30 CASCADE RD,SOUTH HOBART,TASMANIA,7004,AUS
151-32-2905,Mireille,White,,11-07-1953,whmireille@turbotech.com,908-814-7080,O+,485,05-07-2011,9910 0695 6815 1310,m,U8626887,43-71-2152,719-561,27345574513,825 060 131,501 PEEL ST,TAMWORTH,NEW SOUTH WALES,2340,AUS
151-32-2906,Lillian,Zwick,,16-02-1968,zwlillian@gmail.com,908-814-7081,O-,486,01-07-2011,7499 0125 3885 8505,v,F4041667,77-10-5350,615-344,21634694482,985 859 081,L 1 202 HUTT ST,ADELAIDE,SOUTH AUSTRALIA,5000,AUS
151-32-2907,Gail,Aragon,,20-01-1952,argail@turbotech.com,908-814-7082,O+,487,02-07-2011,5657 0088 6208 3258,m,M0345862,07-30-9901,203-376,59372674853,822 402 152,LOT 2804 POINT PERON RD,ROCKINGHAM,WESTERN AUSTRALIA,6168,AUS
151-32-2908,Johnson,Borden,,16-01-1980,bojohnson@lnt.com,908-814-7083,B-,488,03-07-2011,1562 0451 1426 6816,m,S3648635,10-93-5503,634-445,24430304140,803 226 776,670 RICHMOND RD,GLENDENNING,NEW SOUTH WALES,2761,AUS
151-32-2909,Rebecca,Conley,,14-06-1982,corebecca@turbotech.com,908-814-7084,B+,489,04-07-2011,4304 5342 2798 6835,m,D2847402,20-62-8901,039-175,47606634310,946 040 400,197 MAIN RD,CARDIFF,NEW SOUTH WALES,2285,AUS
151-32-2910,Robert,Davis,,10-03-1961,darobert@toyto.com,908-814-7085,AB-,490,05-07-2011,3647 4180 6193 9706,m,X0493436,15-23-9141,886-375,56216864609,684 872 000,SE 20 L 1 19-21 CENTRAL RD,MIRANDA,NEW SOUTH WALES,2228,AUS
151-32-2911,Ashley,Diaz,,20-09-1955,diashley@lnt.com,908-814-7086,O+,491,01-07-2011,8189 4851 4502 4805,v,T7881023,96-84-0644,098-013,20430264944,166 689 798,5D 4 HOMEPRIDE AVE,WARWICK FARM,NEW SOUTH WALES,2170,AUS
151-32-2912,Thomas,Edwards,,28-05-1967,edthomas@lnt.com,908-814-7087,O+,492,02-07-2011,6029 4972 7308 9127,v,V1186530,34-90-1289,609-690,54739164559,533 048 484,13 PIMLOTT ST,DIANELLA,WESTERN AUSTRALIA,6059,AUS
151-32-2913,Susan,Faulkner,,24-10-1958,fasusan@sydney.gov.in,908-814-7088,AB-,493,03-07-2011,7943 4737 2041 5888,v,V8964033,75-34-9660,148-406,21002314042,061 439 149,1724 DAVID LOW WAY,COOLUM BEACH,QUEENSLAND,4573,AUS
151-32-2914,Christopher,Garrison,,17-07-1953,gachristopher@hotmail.com,908-814-7089,A+,494,04-07-2011,4702 7200 1047 0199,a,D9504971,35-59-3166,824-815,67961444188,142 833 319,6 BRECHIN DR,NARRE WARREN,VICTORIA,3805,AUS
151-32-2915,Rick,Green,,09-06-1950,grrick@sydney.gov.in,908-814-7090,B+,495,05-07-2011,8880 2286 0796 3174,d,K0526348,23-27-6012,461-116,63545534502,766 977 679,PO BOX 2364,WEST WOLLONGONG,NEW SOUTH WALES,2500,AUS
151-32-2916,Victor,Hall,,10-02-1965,havictor@gmail.com,908-814-7091,B+,496,01-07-2011,0577 9474 3570 1274,v,C7865521,05-09-4817,144-650,34384804856,039 975 127,6 TRISTANNIA ST,WELLINGTON,NEW SOUTH WALES,2820,AUS
151-32-2917,Lisa,Heard,,19-08-1977,helisa@toyto.com,908-814-7092,O-,497,02-07-2011,7071 1413 7912 1988,m,X0819585,09-90-0810,047-240,67321094331,346 508 865,69 THE REGENCY,HILLSIDE,VICTORIA,3037,AUS
151-32-2918,Marjorie,Iorio,,20-06-1964,iomarjorie@microsoft.com,908-814-7093,B-,498,03-07-2011,5443 8523 3849 5841,v,H8736862,57-75-7102,020-526,22946094787,096 876 624,53 BROOKES ST,MITCHELL,AUSTRALIAN CAPITAL TERRITORY,2911,AUS
151-32-2919,Mark,Jackson,,18-08-1979,jamark@toyto.com,908-814-7094,O+,499,04-07-2011,9004 9072 5026 7905,v,P4018752,24-05-2163,993-579,39163164390,512 096 022,U 42 57-75 BUCKLAND ST,CHIPPENDALE,NEW SOUTH WALES,2008,AUS
151-32-2920,James,Kaminski,,24-05-1976,kajames@gmail.com,908-814-7095,A+,500,05-07-2011,8729 9054 3077 7248,v,R6671469,83-90-6082,462-116,48678404184,922 069 178,SE 2002B L 20 323 CASTLEREAGH ST,SYDNEY,NEW SOUTH WALES,2000,AUS
151-32-2921,Albert,Lowe,,21-04-1958,loalbert@toyto.com,908-814-7096,O-,501,01-07-2011,4999 6122 0274 4745,m,D1329537,75-81-2428,879-849,56510854973,047 868 089,81 KABLE AVE,TAMWORTH,NEW SOUTH WALES,2340,AUS
151-32-2922,Charles,Mceachern,,22-12-1944,mccharles@gmail.com,908-814-7097,O-,502,02-07-2011,3142 8364 5686 8022,v,Z5277239,49-82-9535,804-176,33007684529,012 522 611,32 HANOVER AVE,NORTH EPPING,NEW SOUTH WALES,2121,AUS
151-32-2923,Teresa,Morrison,,21-04-1958,moteresa@lnt.com,908-814-7098,B-,503,03-07-2011,1103 6936 5433 6961,v,W6653770,91-04-5314,080-179,49182594597,729 446 277,SHOP 8,NEW SOUTH WALES, 2C MOONEE BEACH ROAD,MOONEE BEACH,2450
151-32-2924,Tim,Munsch,,25-03-1962,mutim@gmail.com,908-814-7099,AB-,504,04-07-2011,6735 1404 0730 7798,v,P6025265,75-62-5627,608-103,50847674819,061 104 514,23 BOND CRES,WETHERILL PARK,NEW SOUTH WALES,2164,AUS
151-32-2925,Monte,Nelson,,06-09-1964,nemonte@toyto.com,908-814-7100,A-,505,05-07-2011,1522 3568 6824 2067,m,W4287939,02-14-4524,821-140,42580204045,172 108 300,175 TAYLORS LANE,STRATHFIELDSAYE,VICTORIA,3551,AUS
151-32-2926,Adriane,Oyola,,27-05-1986,oyadriane@toyto.com,908-814-7101,AB-,506,01-07-2011,9215 0131 0318 5067,m,D0862933,93-33-3406,040-078,32431844888,501 518 860,251 HANNAN ST,KALGOORLIE,WESTERN AUSTRALIA,6430,AUS
151-32-2927,Jerome,Peacock,,23-09-1963,pejerome@turbotech.com,908-814-7102,O+,507,02-07-2011,0080 1667 8896 2394,m,L6222840,34-54-8935,449-143,21900554653,949 501 783,105 SWAN BAY RD,WALLINGTON,VICTORIA,3221,AUS
151-32-2928,Agnes,Renfro,,02-10-1969,reagnes@gmail.com,908-814-7103,AB-,508,03-07-2011,5037 9070 9731 8477,v,Q4075348,14-05-6397,324-023,46116114981,617 690 995,34-42 ABERDEEN RD,ALTONA,VICTORIA,3018,AUS
151-32-2929,Lynette,Reyes,,12-01-1978,relynette@sydney.gov.in,908-814-7104,A+,509,04-07-2011,6229 8141 1692 2698,v,P4224264,31-55-1190,295-375,57164984342,817 706 795,34 SHORE ST,CLEVELAND,QUEENSLAND,4163,AUS
151-32-2930,Stacey,Russell,,09-04-1980,rustacey@lnt.com,908-814-7105,A+,510,05-07-2011,0600 9927 2878 7833,v,Y9075549,27-01-9739,002-002,26410154608,128 508 111,L 2 16 ATCHISON ST,ST LEONARDS,NEW SOUTH WALES,2065,AUS
151-32-2931,Julie,Santos,,04-01-1975,sajulie@lnt.com,908-814-7106,O-,511,01-07-2011,6229 7269 2545 1173,m,Q1244048,94-15-3789,859-815,32209294809,737 239 336,61 OLD BATHURST RD,BLAXLAND,NEW SOUTH WALES,2774,AUS
151-32-2932,Danny,Townsend,,11-07-1953,todanny@turbotech.com,908-814-7107,O+,512,02-07-2011,9478 3100 3910 4287,v,M2620960,29-60-9600,259-226,62988734551,765 351 620,20 SHERBURN PLACE,CHARLESTOWN,NEW SOUTH WALES,2290,AUS
151-32-2933,Jacki,Venson,,16-02-1968,vejacki@toyto.com,908-814-7108,A-,513,03-07-2011,6974 0367 7742 7398,m,K6614972,63-82-8037,016-544,23393134611,184 916 293,675 WHITEHORSE RD,MONT ALBERT,VICTORIA,3127,AUS
151-32-2934,Adriane,Watson,,20-01-1952,waadriane@microsoft.com,908-814-7109,O+,514,04-07-2011,6884 3922 5588 5856,m,T8614457,46-29-6006,308-201,47188894513,266 157 437,L 1 18-20 YORK ST,SYDNEY,NEW SOUTH WALES,2000,AUS
151-32-2935,Jerome,White,,16-01-1980,whjerome@turbotech.com,908-814-7110,A+,515,05-07-2011,0935 4372 0714 5911,m,Q8871390,71-57-6607,484-758,36817004589,496 923 380,1158 EAST KURRAJONG RD,EAST KURRAJONG,NEW SOUTH WALES,2758,AUS
151-32-2936,Agnes,Zwick,,14-06-1982,zwagnes@microsoft.com,908-814-7111,A+,516,01-07-2011,5559 2498 3571 0421,m,T6535664,52-55-6354,646-487,38025104763,094 382 393,L 2 77-79 HUNTER ST,NEWCASTLE,NEW SOUTH WALES,2300,AUS
151-32-2937,Lynette,Aragon,,10-03-1961,arlynette@gmail.com,908-814-7112,O-,517,02-07-2011,6636 0250 3016 2528,v,E3933665,85-71-4170,263-934,24685754764,934 199 150,215 KADUMBA ST,YERONGA,QUEENSLAND,4104,AUS
151-32-2938,Stacey,Borden,,20-09-1955,bostacey@toyto.com,908-814-7113,A-,518,03-07-2011,4843 8017 1191 1377,v,Z5706030,29-13-7423,809-076,40100644390,105 239 174,PO BOX 11,ALEXANDRIA,NEW SOUTH WALES,1435,AUS
151-32-2939,Julie,Conley,,28-05-1967,cojulie@lnt.com,908-814-7114,B-,519,04-07-2011,5403 1733 5712 5605,v,Z9602161,87-38-3282,032-035,22310514113,895 515 197,9 BLOOMFIELD AVE,CORRIMAL,NEW SOUTH WALES,2518,AUS
151-32-2940,Danny,Davis,,24-10-1958,dadanny@lnt.com,908-814-7115,B-,520,05-07-2011,3111 8756 8483 4694,a,Y6664504,00-20-4611,346-108,60520384698,793 127 334,NEPEAN CLINICAL SCHOOL BUILDIN L 3 62 DERBY ST,KINGSWOOD,NEW SOUTH WALES,2747,AUS
151-32-2941,Jacki,Diaz,,17-07-1953,dijacki@sydney.gov.in,908-814-7116,B+,521,01-07-2011,2055 7439 9814 2317,d,V0533003,08-86-7923,650-191,40642664072,307 946 118,49 PACIFIC HWY,BENNETTS GREEN,NEW SOUTH WALES,2290,AUS
151-32-2942,Thomas,Edwards,,09-06-1950,edthomas@microsoft.com,908-814-7117,AB-,522,02-07-2011,6146 0201 8395 6132,v,R2057804,32-65-5452,079-770,33516164030,200 688 170,60 FOURTH AVE,MAROOCHYDORE,QUEENSLAND,4558,AUS
151-32-2943,Mireille,Renfro,,10-02-1965,remireille@turbotech.com,908-814-7118,A-,523,03-07-2011,1865 9402 8961 3742,m,N7478802,10-00-2611,886-214,35131454203,049 104 367,NEW ENGLAND HWY,GLENCOE,NEW SOUTH WALES,2365,AUS
151-32-2944,Lillian,Heard,,19-08-1977,helillian@lnt.com,908-814-7119,A+,524,04-07-2011,7853 6855 4822 2088,v,J6869799,05-40-1891,081-956,38781764949,726 329 271,U1 2 PARRIWI RD,MOSMAN,NEW SOUTH WALES,2088,AUS
151-32-2945,Gail,Reyes,,20-06-1964,regail@ibm.com,908-814-7120,O+,525,05-07-2011,5848 5178 1941 1048,v,L6003060,03-25-8149,423-130,47639904420,093 502 230,FY 1 12 HI-TECH PL,ROWVILLE,VICTORIA,3178,AUS
151-32-2946,Johnson,Hall,,18-08-1979,hajohnson@microsoft.com,908-814-7121,A+,526,01-07-2011,2741 2028 1663 3742,v,Y1381223,82-55-3747,587-489,32563034053,077 482 152,28 ALBERT RD,SOUTH MELBOURNE,VICTORIA,3205,AUS
151-32-2947,Rebecca,Mceachern,,24-05-1976,mcrebecca@gmail.com,908-814-7122,A-,527,02-07-2011,7988 6409 9048 7263,m,R8928956,84-26-1521,084-940,67021634401,613 818 318,584 MCHUGHS ROAD DUNCAN,KINGSCOTE,SOUTH AUSTRALIA,5223,AUS
151-32-2948,Robert,Diaz,,26-03-1950,dirobert@turbotech.com,908-814-7123,B-,528,03-07-2011,9831 0893 3912 9563,v,X7092865,14-05-1192,136-475,34004484345,260 809 395,FY 4 75 MARY ST,ST PETERS,NEW SOUTH WALES,2044,AUS
151-32-2949,Ashley,Lowe,,21-09-1984,loashley@sydney.gov.in,908-814-7124,B-,529,04-07-2011,6669 3558 1489 2404,v,K8816610,54-49-9656,639-085,28099904093,895 577 210,614-622 NEW SOUTH HEAD RD,ROSE BAY,NEW SOUTH WALES,2029,AUS
151-32-2950,Thomas,Oyola,,19-11-1952,oythomas@hotmail.com,908-814-7125,B+,530,05-07-2011,2926 9252 4221 1360,v,L2405345,07-50-0685,543-201,36605754616,507 517 607,1764 HUME HWY,CAMPBELLFIELD,VICTORIA,3061,AUS
151-32-2951,Susan,Morrison,,22-12-1944,mosusan@sydney.gov.in,908-814-7126,O-,531,01-07-2011,2835 0702 6293 3741,m,C2611475,00-41-5661,915-547,30393824650,071 623 179,28 BEATSON ST,WOLLONGONG,NEW SOUTH WALES,2500,AUS
151-32-2952,Christopher,Santos,,21-04-1958,sachristopher@gmail.com,908-814-7127,B+,532,02-07-2011,3720 3158 5646 3282,m,Q9567337,03-86-3109,876-509,64121924209,275 487 587,21 WELLESLEY ST,PITT TOWN,NEW SOUTH WALES,2756,AUS
151-32-2953,Rick,Faulkner,,25-03-1962,farick@hotmail.com,908-814-7128,AB-,533,03-07-2011,7737 8543 5686 2067,m,G0420299,86-83-1422,435-222,58351494788,930 686 435,244 PIRIE ST,ADELAIDE,SOUTH AUSTRALIA,5000,AUS
151-32-2954,Thomas,Iorio,,06-09-1964,iothomas@turbotech.com,908-814-7129,O+,534,04-07-2011,4065 4725 6776 7695,v,F9176680,21-61-9564,188-603,44687554288,709 961 819,93 GEORGE ST,THE ROCKS,NEW SOUTH WALES,2000,AUS
151-32-2955,Charles,Kaminski,,27-05-1986,kacharles@ibm.com,908-814-7130,O-,535,05-07-2011,1342 5273 8869 8899,v,Q3078064,04-70-1116,278-303,38298624622,893 302 004,44 BEAUMONT DR,BEAUMONT HILLS,NEW SOUTH WALES,2155,AUS
